Gene Symbol;Entrez ID;Ensembl ID;Core AutophagyNet;AutophagyNet;HADB;HAMdb;GO-0061919
ABCF3;55324;ENSG00000161204;0;1;0;0;0
ABHD10;55347;ENSG00000144827;0;1;0;0;0
ABHD5;51099;ENSG00000011198;0;0;0;1;0
ABI2;10152;ENSG00000138443;0;0;0;0;1
ABL1;25;ENSG00000097007;0;0;0;1;0
ABL2;27;ENSG00000143322;0;0;1;1;0
ABTB2;25841;ENSG00000166016;0;1;0;0;0
ACACA;31;ENSG00000278540;0;1;0;0;0
ACBD5;91452;ENSG00000107897;0;0;0;1;1
ACBD6;100527964;ENSG00000230124;0;1;0;0;0
ACOT4;122970;ENSG00000177465;0;1;0;0;0
ADAMTS12;81792;ENSG00000151388;0;1;0;0;0
ADAMTSL4;54507;ENSG00000143382;0;1;0;0;0
ADRB2;154;ENSG00000169252;0;1;0;0;0
AGAP1;116987;ENSG00000157985;0;1;0;0;0
AGPS;8540;ENSG00000018510;0;1;0;0;0
AGR2;10551;ENSG00000106541;0;1;0;0;0
AJUBA;84962;ENSG00000129474;0;1;0;0;0
AKAP1;8165;ENSG00000121057;0;1;0;0;0
AKAP13;11214;ENSG00000170776;0;1;0;0;0
AKT1;207;ENSG00000142208;0;1;1;1;0
AKT2;208;ENSG00000105221;0;0;0;1;0
AKT3;10000;ENSG00000117020;0;0;0;1;0
ALDH1A3;220;ENSG00000184254;0;0;1;0;0
ALDH1B1;219;ENSG00000137124;0;1;0;0;0
AMBRA1;55626;ENSG00000110497;1;1;1;0;1
AMFR;267;ENSG00000159461;0;0;0;1;0
AMOT;154796;ENSG00000126016;0;1;0;0;0
ANGPTL8;55908;ENSG00000130173;0;1;0;0;0
ANK2;287;ENSG00000145362;0;1;0;0;0
ANK3;288;ENSG00000151150;0;1;0;0;0
ANKRD10;55608;ENSG00000088448;0;1;0;0;0
ANKRD39;51239;ENSG00000213337;0;1;0;0;0
ANKRD9;122416;ENSG00000156381;0;1;0;0;0
ANKS3;124401;ENSG00000168096;0;1;0;0;0
ANLN;54443;ENSG00000011426;0;1;0;0;0
ANXA7;310;ENSG00000138279;0;0;1;1;1
AP1G2;8906;ENSG00000213983;0;1;0;0;0
AP1M1;8907;ENSG00000072958;0;1;0;0;0
AP2B1;163;ENSG00000006125;0;1;0;0;0
AP2M1;1173;ENSG00000161203;0;1;0;0;0
AP4M1;9179;ENSG00000221838;0;0;0;0;1
APEX1;328;ENSG00000100823;0;1;0;0;0
APLNR;187;ENSG00000134817;0;1;0;0;0
APOL1;8542;ENSG00000100342;0;0;1;1;0
APOL6;80830;ENSG00000221963;0;0;0;1;0
APP;351;ENSG00000142192;0;1;0;1;0
AR;367;ENSG00000169083;0;1;0;0;0
ARAF;369;ENSG00000078061;0;1;0;0;0
ARF6;382;ENSG00000165527;0;1;0;1;0
ARFIP2;23647;ENSG00000132254;0;0;0;0;1
ARFRP1;10139;ENSG00000101246;0;1;0;0;0
ARHGAP25;9938;ENSG00000163219;0;1;0;0;0
ARHGAP26;23092;ENSG00000145819;0;0;0;0;1
ARL6IP1;23204;ENSG00000170540;0;1;0;0;0
ARL8B;55207;ENSG00000134108;0;0;0;0;1
ARNT;405;ENSG00000143437;0;0;1;0;0
ARSA;410;ENSG00000100299;0;0;1;0;0
ARSB;411;ENSG00000113273;0;0;1;0;0
ARSK;153642;ENSG00000164291;0;1;0;0;0
ASB8;140461;ENSG00000177981;0;1;0;0;0
ASIC1;41;ENSG00000110881;0;0;1;0;0
ASPH;444;ENSG00000198363;0;1;0;0;0
ATAD3A;55210;ENSG00000197785;0;1;0;0;0
ATE1;11101;ENSG00000107669;0;0;0;0;1
ATF4;468;ENSG00000128272;0;1;1;0;0
ATF6;22926;ENSG00000118217;0;0;1;0;0
ATG10;83734;ENSG00000152348;1;1;1;1;1
ATG101;60673;ENSG00000123395;1;1;1;0;1
ATG12;9140;ENSG00000145782;1;1;1;0;1
ATG12P1;100151642;ENSG00000266501;0;0;1;0;0
ATG13;9776;ENSG00000175224;1;1;1;0;1
ATG14;22863;ENSG00000126775;1;1;1;1;1
ATG16L1;55054;ENSG00000085978;1;1;1;1;1
ATG16L2;89849;ENSG00000168010;1;1;1;0;0
ATG2A;23130;ENSG00000110046;1;1;1;1;1
ATG2B;55102;ENSG00000066739;1;1;1;1;0
ATG3;64422;ENSG00000144848;1;1;1;0;1
ATG3P1;100135756;ENSG00000224357;0;0;1;0;0
ATG4A;115201;ENSG00000101844;1;1;1;0;1
ATG4B;23192;ENSG00000168397;1;1;1;1;1
ATG4C;84938;ENSG00000125703;0;1;1;1;1
ATG4D;84971;ENSG00000130734;0;1;1;0;1
ATG5;9474;ENSG00000057663;1;1;1;1;1
ATG7;10533;ENSG00000197548;1;1;1;1;1
ATG9A;79065;ENSG00000198925;0;1;1;1;1
ATG9B;285973;ENSG00000181652;0;0;1;1;1
ATIC;471;ENSG00000138363;0;0;1;0;0
ATM;472;ENSG00000149311;0;0;0;1;1
ATP13A2;23400;ENSG00000159363;0;0;1;0;1
ATP1A1;476;ENSG00000163399;0;1;0;0;0
ATP2A2;488;ENSG00000174437;0;0;0;0;1
ATP2A3;489;ENSG00000074370;0;1;0;0;0
ATP2B2;491;ENSG00000157087;0;1;0;0;0
ATP6V0C;527;ENSG00000185883;0;0;1;0;0
ATXN1;6310;ENSG00000124788;0;1;0;0;0
ATXN3;4287;ENSG00000066427;0;1;0;0;0
ATXN7L1;222255;ENSG00000146776;0;1;0;0;0
AUP1;550;ENSG00000115307;0;0;0;0;1
AURKA;6790;ENSG00000087586;0;1;1;1;0
AURKB;9212;ENSG00000178999;0;1;0;0;0
AVEN;57099;ENSG00000169857;0;1;0;0;0
AXIN1;8312;ENSG00000103126;0;1;0;0;0
AZI2;64343;ENSG00000163512;0;1;0;0;0
B3GAT1;27087;ENSG00000109956;0;1;0;0;0
B4GALT5;9334;ENSG00000158470;0;1;0;0;0
BABAM2;9577;ENSG00000158019;0;1;0;0;0
BAD;572;ENSG00000002330;0;1;0;1;0
BAG1;573;ENSG00000107262;0;1;1;0;0
BAG2;9532;ENSG00000112208;0;1;0;0;0
BAG3;9531;ENSG00000151929;0;1;1;0;0
BAG5;9529;ENSG00000166170;0;1;0;0;0
BAG6;7917;ENSG00000204463;0;1;0;0;0
BAIAP2;10458;ENSG00000175866;0;0;0;1;0
BAK1;578;ENSG00000030110;0;1;1;0;0
BANCR;100885775;ENSG00000278910;0;0;1;0;0
BAP1;8314;ENSG00000163930;0;1;0;0;0
BAP18;124944;ENSG00000258315;0;1;0;0;0
BAX;581;ENSG00000087088;0;1;1;1;0
BBC3;27113;ENSG00000105327;0;1;0;1;0
BBS7;55212;ENSG00000138686;0;1;0;0;0
BCAP31;10134;ENSG00000185825;0;1;0;0;0
BCAR1;9564;ENSG00000050820;0;1;0;0;0
BCAS3;54828;ENSG00000141376;0;0;1;0;0
BCAS4;55653;ENSG00000124243;0;1;0;0;0
BCL10;8915;ENSG00000142867;0;1;0;0;0
BCL2;596;ENSG00000171791;0;1;1;1;0
BCL2L1;598;ENSG00000171552;0;1;1;1;0
BCL2L10;10017;ENSG00000137875;0;1;0;0;0
BCL2L11;10018;ENSG00000153094;0;1;0;1;0
BCL2L12;83596;ENSG00000126453;0;1;0;0;0
BCOR;54880;ENSG00000183337;0;1;0;0;0
BDNF;627;ENSG00000176697;0;0;1;0;0
BECN1;8678;ENSG00000126581;1;1;1;1;1
BECN2;441925;ENSG00000196289;0;1;1;0;1
BFAR;51283;ENSG00000103429;0;1;0;0;0
BICD2;23299;ENSG00000185963;0;1;0;0;0
BID;637;ENSG00000015475;0;1;0;0;0
BIK;638;ENSG00000100290;0;1;0;0;0
BIN1;274;ENSG00000136717;0;1;0;0;0
BIRC2;329;ENSG00000110330;0;1;0;1;0
BIRC3;330;ENSG00000023445;0;1;0;0;0
BIRC5;332;ENSG00000089685;0;1;1;1;0
BIRC6;57448;ENSG00000115760;0;1;0;1;0
BLID;414899;ENSG00000259571;0;1;0;0;0
BLK;640;ENSG00000136573;0;1;0;0;0
BLVRA;644;ENSG00000106605;0;1;0;0;0
BMF;90427;ENSG00000104081;0;1;0;0;0
BNIP1;662;ENSG00000113734;0;1;1;0;0
BNIP2;663;ENSG00000140299;0;1;0;0;0
BNIP3;664;ENSG00000176171;0;1;1;1;1
BNIP3L;665;ENSG00000104765;0;1;1;1;0
BNIPL;149428;ENSG00000163141;0;1;0;0;0
BOD1;91272;ENSG00000145919;0;1;0;0;0
BOD1L2;284257;ENSG00000228075;0;1;0;0;0
BOK;666;ENSG00000176720;0;0;1;1;0
BORCS6;54785;ENSG00000196544;0;1;0;0;0
BRCA1;672;ENSG00000012048;0;1;0;0;0
BRD1;23774;ENSG00000100425;0;1;0;0;0
BRD4;23476;ENSG00000141867;0;1;0;0;0
BRINP3;339479;ENSG00000162670;0;1;0;0;0
BRK1;55845;ENSG00000254999;0;1;0;0;0
BSN;8927;ENSG00000164061;0;1;1;0;0
BST2;684;ENSG00000130303;0;0;0;1;0
BTF3;689;ENSG00000145741;0;1;0;0;0
BTK;695;ENSG00000010671;0;1;0;0;0
BTRC;8945;ENSG00000166167;0;0;0;0;1
C19orf12;83636;ENSG00000131943;0;0;1;1;1
C1ORF216;127703;ENSG00000142686;0;1;0;0;0
C1QTNF1;114897;ENSG00000173918;0;1;0;0;0
C1QTNF6;114904;ENSG00000133466;0;1;0;0;0
C2ORF73;129852;ENSG00000177994;0;1;0;0;0
C3;718;ENSG00000125730;0;1;0;0;0
C6ORF141;135398;ENSG00000197261;0;1;0;0;0
C9ORF78;51759;ENSG00000136819;0;1;0;0;0
C9orf72;203228;ENSG00000147894;0;1;1;1;1
CACNA1B;774;ENSG00000148408;0;1;0;0;0
CADPS;8618;ENSG00000163618;0;1;0;0;0
CALCOCO1;57658;ENSG00000012822;0;1;0;0;0
CALCOCO2;10241;ENSG00000136436;0;1;1;1;1
CALCR;799;ENSG00000004948;0;1;0;0;0
CALM1;805;ENSG00000143933;0;0;0;0;1
CALR;811;ENSG00000179218;0;1;0;0;0
CAMK2A;815;ENSG00000070808;0;0;1;0;0
CAMK2G;818;ENSG00000148660;0;1;0;0;0
CAMKK2;10645;ENSG00000110931;0;1;1;0;0
CAMKMT;79823;ENSG00000143919;0;1;0;0;0
CAMP;820;ENSG00000164047;0;0;0;1;0
CANX;821;ENSG00000127022;0;0;1;0;0
CAPN1;823;ENSG00000014216;0;1;1;1;0
CAPN10;11132;ENSG00000142330;0;0;1;0;0
CAPN2;824;ENSG00000162909;0;1;1;0;0
CAPN3;825;ENSG00000092529;0;1;0;0;0
CAPNS1;826;ENSG00000126247;0;0;1;1;0
CAPZB;832;ENSG00000077549;0;1;0;0;0
CASP1;834;ENSG00000137752;0;0;1;0;0
CASP2;835;ENSG00000106144;0;1;0;0;0
CASP3;836;ENSG00000164305;0;1;1;0;0
CASP4;837;ENSG00000196954;0;0;1;0;0
CASP8;841;ENSG00000064012;0;1;1;0;0
CASP9;842;ENSG00000132906;0;1;0;0;0
CAT;847;ENSG00000121691;0;0;0;1;0
CATSPER4;378807;ENSG00000188782;0;0;0;1;0
CAV1;857;ENSG00000105974;0;1;0;0;0
CBFB;865;ENSG00000067955;0;1;0;0;0
CBX6;23466;ENSG00000183741;0;1;0;0;0
CCDC12;151903;ENSG00000160799;0;1;0;0;0
CCDC120;90060;ENSG00000147144;0;1;0;0;0
CCDC50;152137;ENSG00000152492;0;1;0;0;0
CCDC68;80323;ENSG00000166510;0;1;0;0;0
CCDC71;64925;ENSG00000177352;0;1;0;0;0
CCDC8;83987;ENSG00000169515;0;1;0;0;0
CCDC88C;440193;ENSG00000015133;0;1;0;0;0
CCDC96;257236;ENSG00000173013;0;1;0;0;0
CCL2;6347;ENSG00000108691;0;0;1;0;0
CCNB1;891;ENSG00000134057;0;1;0;0;0
CCND1;595;ENSG00000110092;0;1;0;1;0
CCNF;899;ENSG00000162063;0;1;0;0;0
CCNY;219771;ENSG00000108100;0;0;1;0;0
CCR2;729230;ENSG00000121807;0;0;1;0;0
CCT2;10576;ENSG00000166226;0;1;0;0;0
CD44;960;ENSG00000026508;0;1;0;0;0
CD96;10225;ENSG00000153283;0;1;0;0;0
CDC37;11140;ENSG00000105401;0;1;0;0;0
CDC6;990;ENSG00000094804;0;1;0;0;0
CDH1;999;ENSG00000039068;0;1;0;0;0
CDK1;983;ENSG00000170312;0;1;0;0;0
CDK19;23097;ENSG00000155111;0;1;0;0;0
CDK2;1017;ENSG00000123374;0;1;0;0;0
CDK5;1020;ENSG00000164885;0;1;1;0;0
CDK9;1025;ENSG00000136807;0;1;0;0;0
CDKL3;51265;ENSG00000006837;0;1;0;0;0
CDKN1A;1026;ENSG00000124762;0;0;1;0;0
CDKN1B;1027;ENSG00000111276;0;0;1;1;0
CDKN2A;1029;ENSG00000147889;0;1;1;1;1
CDKN2B-AS1;100048912;ENSG00000240498;0;0;1;0;0
CDKN2D;1032;ENSG00000129355;0;0;0;1;0
CELA2A;63036;ENSG00000142615;0;1;0;0;0
CENPQ;55166;ENSG00000031691;0;1;0;0;0
CEP135;9662;ENSG00000174799;0;1;0;0;0
CEP43;11116;ENSG00000213066;0;1;0;0;0
CEP55;55165;ENSG00000138180;0;1;0;0;0
CEP89;84902;ENSG00000121289;0;1;0;0;0
CERCAM;51148;ENSG00000167123;0;1;0;0;0
CFAP68;64776;ENSG00000137720;0;1;0;0;0
CFLAR;8837;ENSG00000003402;0;1;0;0;0
CFTR;1080;ENSG00000001626;0;1;0;0;0
CGAS;115004;ENSG00000164430;0;1;0;0;0
CHAF1A;10036;ENSG00000167670;0;1;0;0;0
CHDH;55349;ENSG00000016391;0;1;0;0;0
CHEK1;1111;ENSG00000149554;0;0;0;1;0
CHEK2;11200;ENSG00000183765;0;0;0;0;1
CHMP1A;5119;ENSG00000131165;0;0;0;0;1
CHMP1B;57132;ENSG00000255112;0;0;0;0;1
CHMP2A;27243;ENSG00000130724;0;0;1;1;1
CHMP2B;25978;ENSG00000083937;0;0;1;1;1
CHMP3;51652;ENSG00000115561;0;0;0;1;1
CHMP4A;29082;ENSG00000254505;0;0;0;1;1
CHMP4B;128866;ENSG00000101421;0;1;1;1;1
CHMP4C;92421;ENSG00000164695;0;0;0;1;1
CHMP5;51510;ENSG00000086065;0;0;0;0;1
CHMP6;79643;ENSG00000176108;0;0;0;1;1
CHMP7;91782;ENSG00000147457;0;0;0;0;1
CHRNA4;1137;ENSG00000101204;0;1;0;0;0
CHRNB4;1143;ENSG00000117971;0;1;0;0;0
CHRND;1144;ENSG00000135902;0;1;0;1;0
CHUK;1147;ENSG00000213341;0;1;0;1;0
CIB4;130106;ENSG00000157884;0;1;0;0;0
CIC;23152;ENSG00000079432;0;1;0;0;0
CISD1;55847;ENSG00000122873;0;0;0;1;0
CISD2;493856;ENSG00000145354;0;1;1;1;0
CISH;1154;ENSG00000114737;0;1;0;0;0
CIT;11113;ENSG00000122966;0;1;0;0;0
CLEC16A;23274;ENSG00000038532;0;0;1;0;1
CLINT1;9685;ENSG00000113282;0;1;0;0;0
CLN3;1201;ENSG00000188603;0;1;1;0;0
CLN8;2055;ENSG00000182372;0;1;0;0;0
CLNK;116449;ENSG00000109684;0;1;0;0;0
CLOCK;9575;ENSG00000134852;0;0;1;0;0
CLPTM1L;81037;ENSG00000049656;0;1;0;0;0
CLTB;1212;ENSG00000175416;0;1;0;0;0
CLTC;1213;ENSG00000141367;0;0;0;1;0
CLU;1191;ENSG00000120885;0;1;1;0;1
CNOT2;4848;ENSG00000111596;0;1;0;0;0
CNOT9;9125;ENSG00000144580;0;1;0;0;0
CNR2;1269;ENSG00000188822;0;1;0;0;0
CNTRL;11064;ENSG00000119397;0;1;0;0;0
COLEC12;81035;ENSG00000158270;0;1;0;0;0
COP1;64326;ENSG00000143207;0;1;0;0;0
COPS3;8533;ENSG00000141030;0;1;0;0;0
COPS5;10987;ENSG00000121022;0;1;0;0;0
COPZ1;22818;ENSG00000111481;0;0;0;1;0
COX5A;9377;ENSG00000178741;0;0;0;1;0
CPEB2;132864;ENSG00000137449;0;1;0;0;0
CRBN;51185;ENSG00000113851;0;1;0;0;0
CREB1;1385;ENSG00000118260;0;1;0;0;0
CREBBP;1387;ENSG00000005339;0;1;0;0;0
CRHBP;1393;ENSG00000145708;0;1;0;0;0
CRX;1406;ENSG00000105392;0;1;0;0;0
CRYAB;1410;ENSG00000109846;0;1;0;0;0
CRYBG3;131544;ENSG00000080200;0;1;0;0;0
CSNK1A1;1452;ENSG00000113712;0;1;0;0;1
CSNK1D;1453;ENSG00000141551;0;1;0;0;0
CSNK1G2;1455;ENSG00000133275;0;1;0;0;0
CSNK2A1;1457;ENSG00000101266;0;1;0;0;1
CSNK2A2;1459;ENSG00000070770;0;1;0;0;0
CSNK2B;1460;ENSG00000204435;0;1;0;0;0
CST11;140880;ENSG00000125831;0;1;0;0;0
CST8;10047;ENSG00000125815;0;1;0;0;0
CTCFL;140690;ENSG00000124092;0;1;0;0;0
CTNNB1;1499;ENSG00000168036;0;1;0;1;0
CTSB;1508;ENSG00000164733;0;0;1;0;0
CTSD;1509;ENSG00000117984;0;0;1;0;0
CTSK;1513;ENSG00000143387;0;0;0;0;1
CTSL;1514;ENSG00000135047;0;0;0;1;0
CUL1;8454;ENSG00000055130;0;1;0;0;1
CUL2;8453;ENSG00000108094;0;1;0;0;0
CUL3;8452;ENSG00000036257;0;1;0;0;0
CUL4A;8451;ENSG00000139842;0;1;0;0;0
CUL4B;8450;ENSG00000158290;0;1;0;0;0
CUL7;9820;ENSG00000044090;0;1;0;0;0
CXCL12;6387;ENSG00000107562;0;0;0;1;0
CXCR3;2833;ENSG00000186810;0;0;0;1;0
CXCR4;7852;ENSG00000121966;0;0;1;0;0
CYB5A;1528;ENSG00000166347;0;0;0;1;0
CYLD;1540;ENSG00000083799;0;1;0;0;0
CYP19A1;1588;ENSG00000137869;0;1;0;0;0
CYSRT1;375791;ENSG00000197191;0;1;0;0;0
DAB2IP;153090;ENSG00000136848;0;0;1;0;0
DACT1;51339;ENSG00000165617;0;1;0;0;0
DAP;1611;ENSG00000112977;0;0;1;1;0
DAP3;7818;ENSG00000132676;0;0;0;1;0
DAPK1;1612;ENSG00000196730;0;1;1;1;0
DAPK2;23604;ENSG00000035664;0;1;1;1;0
DAPK3;1613;ENSG00000167657;0;0;1;1;0
DAXX;113523636;ENSG00000204209;0;1;0;0;0
DAZAP2;9802;ENSG00000183283;0;1;0;0;0
DBNL;28988;ENSG00000136279;0;1;0;0;0
DCAF1;9730;ENSG00000145041;0;1;0;0;0
DCAF15;90379;ENSG00000132017;0;1;0;0;0
DCAF4;26094;ENSG00000119599;0;1;0;0;0
DCAF7;10238;ENSG00000136485;0;1;0;0;0
DCN;1634;ENSG00000011465;0;0;1;1;0
DCP2;167227;ENSG00000172795;0;1;0;0;0
DCTN1;1639;ENSG00000204843;0;1;0;0;0
DDA1;79016;ENSG00000130311;0;1;0;0;0
DDB1;1642;ENSG00000167986;0;1;0;0;0
DDIT3;1649;ENSG00000175197;0;1;1;0;0
DDRGK1;65992;ENSG00000198171;0;0;0;0;1
DDX19B;11269;ENSG00000157349;0;1;0;0;0
DDX39A;10212;ENSG00000123136;0;1;0;0;0
DDX5;1655;ENSG00000108654;0;1;0;0;0
DDX6;1656;ENSG00000110367;0;1;0;0;0
DEDD2;162989;ENSG00000160570;0;1;0;0;0
DEF8;54849;ENSG00000140995;0;1;0;0;0
DEFB118;117285;ENSG00000131068;0;1;0;0;0
DELE1;9812;ENSG00000081791;0;0;0;0;1
DENND3;22898;ENSG00000105339;0;0;1;0;0
DENR;8562;ENSG00000139726;0;1;0;0;0
DEPP1;11067;ENSG00000165507;0;0;1;0;0
DEPTOR;64798;ENSG00000155792;0;0;0;1;1
DICER1;23405;ENSG00000100697;0;0;0;1;0
DIRAS3;9077;ENSG00000162595;0;1;1;0;0
DIXDC1;85458;ENSG00000150764;0;1;0;0;0
DLD;1738;ENSG00000091140;0;1;0;0;0
DLG3;1741;ENSG00000082458;0;1;0;0;0
DLST;1743;ENSG00000119689;0;1;0;0;0
DLX6;1750;ENSG00000006377;0;1;0;0;0
DNAAF4;161582;ENSG00000256061;0;1;0;0;0
DNAI1;27019;ENSG00000122735;0;1;0;0;0
DNAJA3;9093;ENSG00000103423;0;0;0;1;0
DNAJB1;3337;ENSG00000132002;0;1;1;0;0
DNAJB9;4189;ENSG00000128590;0;0;1;0;0
DNAJC10;54431;ENSG00000077232;0;1;0;0;0
DNAJC16;23341;ENSG00000116138;0;0;0;0;1
DNAJC7;7266;ENSG00000168259;0;1;0;0;0
DNASE2B;58511;ENSG00000137976;0;1;0;0;0
DNM1L;10059;ENSG00000087470;0;0;1;1;0
DNM2;1785;ENSG00000079805;0;0;0;0;1
DOCK1;1793;ENSG00000150760;0;1;0;0;0
DOCK5;80005;ENSG00000147459;0;1;0;0;0
DOCK9;23348;ENSG00000088387;0;1;0;0;0
DPPA4;55211;ENSG00000121570;0;1;0;0;0
DQX1;165545;ENSG00000144045;0;1;0;0;0
DRAM1;55332;ENSG00000136048;0;0;1;1;0
DRAM2;128338;ENSG00000156171;0;0;1;1;0
DRD3;1814;ENSG00000151577;0;0;1;0;0
DTNB;1838;ENSG00000138101;0;1;0;0;0
DUSP14;11072;ENSG00000276023;0;1;0;0;0
DUSP16;80824;ENSG00000111266;0;1;0;0;0
DUSP26;78986;ENSG00000133878;0;1;0;0;0
DUSP29;338599;ENSG00000188716;0;1;0;0;0
DUSP4;1846;ENSG00000120875;0;1;0;0;0
DVL2;1856;ENSG00000004975;0;1;0;0;0
DYNC1I1;1780;ENSG00000158560;0;1;0;0;0
DYNC1LI2;1783;ENSG00000135720;0;1;0;0;0
DYNLL1;8655;ENSG00000088986;0;1;0;0;0
DYNLL2;140735;ENSG00000264364;0;1;0;0;0
DYNLT1;6993;ENSG00000146425;0;0;1;0;0
DYRK1A;1859;ENSG00000157540;0;1;0;0;0
DYRK2;8445;ENSG00000127334;0;1;0;0;0
E2F1;1869;ENSG00000101412;0;1;0;1;0
ECT2;1894;ENSG00000114346;0;1;0;0;0
EDDM3B;64184;ENSG00000181552;0;1;0;0;0
EDEM1;9695;ENSG00000134109;0;1;1;0;0
EEF1AKMT3;25895;ENSG00000123427;0;1;0;0;0
EEF1D;1936;ENSG00000104529;0;1;0;0;0
EEF1G;1937;ENSG00000254772;0;1;0;0;0
EEF2;1938;ENSG00000167658;0;0;0;1;0
EEF2K;29904;ENSG00000103319;0;0;1;1;0
EGFR;1956;ENSG00000146648;0;1;0;1;0
EGLN3;112399;ENSG00000129521;0;1;0;0;0
EGR1;1958;ENSG00000120738;0;1;0;0;0
EI24;9538;ENSG00000149547;0;0;1;0;0
EIF2AK1;27102;ENSG00000086232;0;0;0;0;1
EIF2AK2;5610;ENSG00000055332;0;0;1;1;0
EIF2AK3;9451;ENSG00000172071;0;0;1;1;0
EIF2S1;1965;ENSG00000134001;0;0;1;0;1
EIF4EBP1;1978;ENSG00000187840;0;0;0;1;0
EIF4G1;1981;ENSG00000114867;0;0;1;1;0
EIF4G2;1982;ENSG00000110321;0;1;0;1;0
ELAPOR1;57535;ENSG00000116299;0;0;1;0;1
ELAPOR2;222223;ENSG00000164659;0;0;1;0;0
ELAVL1;1994;ENSG00000066044;0;1;0;0;0
ELOB;6923;ENSG00000103363;0;1;0;0;0
ELOC;6921;ENSG00000154582;0;1;0;0;0
EMC6;83460;ENSG00000127774;0;0;0;0;1
EMILIN3;90187;ENSG00000183798;0;1;0;0;0
EN1;2019;ENSG00000163064;0;1;0;0;0
ENC1;8507;ENSG00000171617;0;1;0;0;0
ENG;2022;ENSG00000106991;0;1;0;1;0
ENPP1;5167;ENSG00000197594;0;1;0;0;0
EP300;2033;ENSG00000100393;0;1;0;1;1
EPAS1;2034;ENSG00000116016;0;1;1;0;0
EPG5;57724;ENSG00000152223;0;0;1;0;0
EPHA7;2045;ENSG00000135333;0;1;0;0;0
EPHB2;2048;ENSG00000133216;0;0;1;1;0
EPM2A;7957;ENSG00000112425;0;1;0;1;0
ERBB2;2064;ENSG00000141736;0;1;1;0;0
ERBB3;2065;ENSG00000065361;0;1;0;0;0
ERBB4;2066;ENSG00000178568;0;1;0;0;0
ERCC6L;54821;ENSG00000186871;0;1;0;0;0
ERN1;2081;ENSG00000178607;0;0;1;1;0
ESR1;2099;ENSG00000091831;0;1;0;0;0
ESR2;2100;ENSG00000140009;0;1;0;0;0
ETAA1;54465;ENSG00000143971;0;1;0;0;0
ETHE1;23474;ENSG00000105755;0;1;0;0;0
EVA1A;84141;ENSG00000115363;0;1;1;0;0
EXOC1;55763;ENSG00000090989;0;1;0;0;0
EXOC2;55770;ENSG00000112685;0;1;0;1;0
EXOC4;60412;ENSG00000131558;0;1;0;0;0
EXOC8;149371;ENSG00000116903;0;1;0;0;0
EZH2;2146;ENSG00000106462;0;1;0;0;0
F12;2161;ENSG00000131187;0;1;0;0;0
FADD;8772;ENSG00000168040;0;1;1;1;0
FAF2;23197;ENSG00000113194;0;1;0;0;0
FAIM2;23017;ENSG00000135472;0;1;0;0;0
FAM20C;56975;ENSG00000177706;0;1;0;0;0
FAM221B;392307;ENSG00000204930;0;1;0;0;0
FAM9C;171484;ENSG00000187268;0;1;0;0;0
FANCC;105376156;ENSG00000158169;0;1;0;0;0
FANK1;92565;ENSG00000203780;0;1;0;0;0
FAS;355;ENSG00000026103;0;1;1;1;0
FBL;2091;ENSG00000105202;0;1;0;0;0
FBXL2;25827;ENSG00000153558;0;0;0;1;0
FBXL20;84961;ENSG00000108306;0;1;0;1;0
FBXL4;26235;ENSG00000112234;0;0;0;0;1
FBXO32;114907;ENSG00000156804;0;0;1;0;0
FBXO7;25793;ENSG00000100225;0;0;1;1;1
FBXW11;23291;ENSG00000072803;0;1;0;0;0
FBXW7;55294;ENSG00000109670;0;1;0;0;0
FEM1A;55527;ENSG00000141965;0;1;0;0;0
FFAR1;2864;ENSG00000126266;0;1;0;0;0
FGB;2244;ENSG00000171564;0;1;0;0;0
FGFR3;2261;ENSG00000068078;0;1;0;0;0
FHOD3;80206;ENSG00000134775;0;1;0;0;0
FIBIN;387758;ENSG00000176971;0;1;0;0;0
FIS1;51024;ENSG00000214253;0;1;1;1;0
FKBP1A;2280;ENSG00000088832;0;0;1;0;0
FKBP4;2288;ENSG00000004478;0;1;0;0;0
FKBP7;51661;ENSG00000079150;0;1;0;0;0
FKBP8;23770;ENSG00000105701;0;1;0;0;0
FLCN;201163;ENSG00000154803;0;1;0;1;0
FLI1;2313;ENSG00000151702;0;1;0;0;0
FLNA;2316;ENSG00000196924;0;1;0;0;0
FLT3;2322;ENSG00000122025;0;1;0;0;0
FN1;2335;ENSG00000115414;0;0;0;1;0
FNBP1;23048;ENSG00000187239;0;1;0;0;0
FNBP1L;54874;ENSG00000137942;0;1;0;0;0
FNDC3B;64778;ENSG00000075420;0;1;0;0;0
FNIP2;57600;ENSG00000052795;0;1;0;0;0
FOXA1;3169;ENSG00000129514;0;1;0;0;0
FOXN4;121643;ENSG00000139445;0;1;0;0;0
FOXO1;2308;ENSG00000150907;0;1;1;1;0
FOXO3;2309;ENSG00000118689;0;1;1;0;0
FRS2;10818;ENSG00000166225;0;1;0;0;0
FSCN1;6624;ENSG00000075618;0;1;0;0;0
FTSJ3;117246;ENSG00000108592;0;1;0;0;0
FUNDC1;139341;ENSG00000069509;0;0;1;1;1
FUS;2521;ENSG00000089280;0;1;0;0;0
FYCO1;79443;ENSG00000163820;1;1;1;0;0
FZR1;51343;ENSG00000105325;0;1;0;0;0
G3BP1;10146;ENSG00000145907;0;1;0;0;0
GAA;2548;ENSG00000171298;0;0;1;1;0
GAB1;2549;ENSG00000109458;0;0;0;1;0
GABARAP;11337;ENSG00000170296;1;1;1;0;0
GABARAPL1;23710;ENSG00000139112;1;1;1;1;0
GABARAPL2;11345;ENSG00000034713;1;1;1;1;0
GABBR2;9568;ENSG00000136928;0;0;0;1;0
GABRD;2563;ENSG00000187730;0;1;0;0;0
GABRG2;2566;ENSG00000113327;0;1;0;0;0
GAN;8139;ENSG00000261609;0;1;0;0;0
GAPDH;2597;ENSG00000111640;0;0;1;0;0
GAS5;60674;ENSG00000234741;0;0;1;0;0
GAS8-AS1;750;ENSG00000221819;0;0;1;0;0
GATA4;2626;ENSG00000136574;0;0;1;0;0
GBA1;2629;ENSG00000177628;0;0;0;0;1
GBF1;8729;ENSG00000107862;0;1;0;0;0
GCH1;2643;ENSG00000131979;0;1;0;0;0
GEMIN4;50628;ENSG00000179409;0;1;0;0;0
GFAP;2670;ENSG00000131095;0;0;1;0;0
GFI1B;8328;ENSG00000165702;0;1;0;0;0
GHRL;51738;ENSG00000157017;0;0;0;1;0
GIMAP5;55340;ENSG00000196329;0;1;0;0;0
GJA1;2697;ENSG00000152661;0;1;0;0;0
GJA3;2700;ENSG00000121743;0;1;0;0;0
GJA4;2701;ENSG00000187513;0;1;0;1;0
GJA5;2702;ENSG00000265107;0;1;0;0;0
GJA8;2703;ENSG00000121634;0;1;0;0;0
GJB1;2705;ENSG00000169562;0;1;0;0;0
GJB2;2706;ENSG00000165474;0;1;0;0;0
GJD3;125111;ENSG00000183153;0;1;0;0;0
GLG1;2734;ENSG00000090863;0;1;0;0;0
GLIPR1L2;144321;ENSG00000180481;0;1;0;0;0
GLIPR2;152007;ENSG00000122694;0;0;1;0;0
GLIS2;84662;ENSG00000126603;0;1;0;0;0
GMEB2;26205;ENSG00000101216;0;1;0;0;0
GNAI3;2773;ENSG00000065135;0;0;1;1;0
GNRH2;2797;ENSG00000125787;0;0;0;1;0
GOLGA1;2800;ENSG00000136935;0;1;0;0;0
GOLGA2;2801;ENSG00000167110;0;0;0;1;0
GOPC;57120;ENSG00000047932;0;1;1;1;0
GORASP2;26003;ENSG00000115806;0;1;0;0;0
GPC4;2239;ENSG00000076716;0;1;0;0;0
GPR141;353345;ENSG00000187037;0;1;0;0;0
GPR17;2840;ENSG00000144230;0;1;0;0;0
GPR18;2841;ENSG00000125245;0;0;0;1;0
GPR182;11318;ENSG00000166856;0;0;0;1;0
GPR37;2861;ENSG00000170775;0;1;0;1;0
GPR55;9290;ENSG00000135898;0;1;0;0;0
GPSM1;26086;ENSG00000160360;0;1;0;0;0
GPSM3;63940;ENSG00000213654;0;1;0;0;0
GREM2;64388;ENSG00000180875;0;1;0;0;0
GRID1;2894;ENSG00000182771;0;0;1;0;0
GRID2;2895;ENSG00000152208;0;0;1;1;0
GRM1;2911;ENSG00000152822;0;1;0;0;0
GSDMD;79792;ENSG00000104518;0;1;0;0;0
GSK3B;2932;ENSG00000082701;0;1;1;1;0
GTF2IRD2;84163;ENSG00000196275;0;0;0;1;0
GTF2IRD2B;389524;ENSG00000174428;0;0;0;1;0
GYPA;2993;ENSG00000170180;0;1;0;0;0
H1-0;3005;ENSG00000189060;0;1;0;0;0
H1-2;3006;ENSG00000187837;0;1;0;0;0
H19;283120;ENSG00000130600;0;0;1;0;0
HADHA;3030;ENSG00000084754;0;1;0;0;0
HADHB;3032;ENSG00000138029;0;1;0;0;0
HAT1;8520;ENSG00000128708;0;1;0;0;0
HAVCR1;26762;ENSG00000113249;0;1;0;0;0
HAX1;10456;ENSG00000143575;0;1;1;0;0
HDAC1;3065;ENSG00000116478;0;1;1;0;0
HDAC10;83933;ENSG00000100429;0;0;0;0;1
HDAC5;10014;ENSG00000108840;0;1;0;0;0
HDAC6;10013;ENSG00000094631;0;1;1;1;1
HDHD3;81932;ENSG00000119431;0;1;0;0;0
HECTD1;25831;ENSG00000092148;0;1;0;0;0
HERC5;51191;ENSG00000138646;0;1;0;0;0
HFE;3077;ENSG00000010704;0;1;0;0;0
HGS;9146;ENSG00000185359;0;0;1;1;0
HIF1A;3091;ENSG00000100644;0;1;1;1;0
HIF1AN;55662;ENSG00000166135;0;1;0;0;0
HIVEP2;3097;ENSG00000010818;0;0;0;1;0
HLA-DPB1;3115;ENSG00000223865;0;1;0;0;0
HMGB1;3146;ENSG00000189403;0;1;1;1;0
HMGN5;79366;ENSG00000198157;0;1;0;0;0
HMOX1;3162;ENSG00000100292;0;0;1;0;0
HNF1A-AS1;283460;ENSG00000241388;0;0;1;0;0
HNRNPH1;3187;ENSG00000169045;0;1;0;0;0
HNRNPL;3191;ENSG00000104824;0;1;0;0;0
HOOK1;51361;ENSG00000134709;0;1;0;0;0
HOOK3;84376;ENSG00000168172;0;1;0;0;0
HOTAIR;100124700;ENSG00000228630;0;0;1;0;0
HPCAL1;3241;ENSG00000115756;0;1;0;0;0
HPS1;3257;ENSG00000107521;0;1;0;0;0
HRAS;3265;ENSG00000174775;0;0;0;1;0
HRK;8739;ENSG00000135116;0;1;0;0;0
HS1BP3;64342;ENSG00000118960;0;0;1;0;0
HSBP1;3281;ENSG00000230989;0;1;0;0;0
HSCB;150274;ENSG00000100209;0;1;0;0;0
HSD17B3;3293;ENSG00000130948;0;1;0;0;0
HSF1;3297;ENSG00000185122;0;1;0;1;0
HSP90AA1;3320;ENSG00000080824;0;1;1;1;0
HSP90AB1;3326;ENSG00000096384;0;0;1;0;0
HSP90B1;7184;ENSG00000166598;0;1;0;0;0
HSPA12A;259217;ENSG00000165868;0;1;0;0;0
HSPA5;3309;ENSG00000044574;0;1;1;0;0
HSPA8;3312;ENSG00000109971;0;0;1;1;1
HSPB1;3315;ENSG00000106211;0;1;0;0;0
HSPB6;126393;ENSG00000004776;0;1;0;0;0
HSPB8;26353;ENSG00000152137;0;0;1;0;0
HSPG2;3339;ENSG00000142798;0;0;0;1;0
HTR2B;3357;ENSG00000135914;0;0;0;1;0
HTR3A;3359;ENSG00000166736;0;1;0;0;0
HTT;3064;ENSG00000197386;0;1;0;1;0
HULC;100506207;ENSG00000285219;0;0;1;0;0
HUS1;3364;ENSG00000136273;0;1;0;0;0
HUWE1;10075;ENSG00000086758;0;1;0;0;0
HYPK;25764;ENSG00000242028;0;1;0;0;0
ICMT;23463;ENSG00000116237;0;0;0;1;0
IFI16;3428;ENSG00000163565;0;1;0;0;0
IFIH1;64135;ENSG00000115267;0;1;0;0;0
IFITM1;8519;ENSG00000185885;0;1;0;0;0
IFITM3;10410;ENSG00000142089;0;1;0;0;0
IFNG;3458;ENSG00000111537;0;0;1;1;0
IGF2BP1;10642;ENSG00000159217;0;1;0;0;0
IGF2R;3482;ENSG00000197081;0;1;0;0;0
IKBIP;121457;ENSG00000166130;0;1;0;0;0
IKBKB;3551;ENSG00000104365;0;1;0;1;0
IKBKG;8517;ENSG00000269335;0;1;0;1;0
IL17F;112744;ENSG00000112116;0;1;0;0;0
IL1B;3553;ENSG00000125538;0;1;0;0;0
IL24;11009;ENSG00000162892;0;1;1;1;0
IL6;3569;ENSG00000136244;0;0;0;1;0
IL7R;3575;ENSG00000168685;0;1;0;0;0
IMMP2L;83943;ENSG00000184903;0;1;0;0;0
IMPDH2;3615;ENSG00000178035;0;1;0;0;0
INA;9118;ENSG00000148798;0;1;0;0;0
INO80B;83444;ENSG00000115274;0;1;0;0;0
INSL5;10022;ENSG00000172410;0;1;0;0;0
INSR;3643;ENSG00000171105;0;1;0;0;0
IPO5;3843;ENSG00000065150;0;1;0;0;0
IQCB1;9657;ENSG00000173226;0;1;0;0;0
IRAK1;3654;ENSG00000184216;0;1;0;0;0
IRF2;3660;ENSG00000168310;0;1;0;0;0
IRF3;3661;ENSG00000126456;0;1;0;0;0
IRF8;3394;ENSG00000140968;0;1;0;0;0
IRGM;345611;ENSG00000237693;0;1;1;1;1
IRGQ;126298;ENSG00000167378;0;0;0;0;1
IRS1;3667;ENSG00000169047;0;1;0;0;0
ISG15;9636;ENSG00000187608;0;1;0;0;0
ITFG1;81533;ENSG00000129636;0;1;0;0;0
ITGB4;3691;ENSG00000132470;0;0;0;1;1
ITM2B;9445;ENSG00000136156;0;1;0;0;0
ITPR1;3708;ENSG00000150995;0;1;1;1;0
ITPR3;3710;ENSG00000096433;0;1;0;0;0
JADE2;23338;ENSG00000043143;0;1;0;0;0
JOSD1;9929;ENSG00000100221;0;1;0;0;0
JOSD2;126119;ENSG00000161677;0;1;0;0;0
JUN;3725;ENSG00000177606;0;1;0;0;0
JUNB;3726;ENSG00000171223;0;1;0;0;0
KAT5;10524;ENSG00000172977;0;1;1;0;1
KAT6A;7994;ENSG00000083168;0;1;0;0;0
KAT8;84148;ENSG00000103510;0;0;1;1;0
KAZN;23254;ENSG00000189337;0;1;0;0;0
KBTBD6;89890;ENSG00000165572;0;1;0;0;0
KBTBD7;84078;ENSG00000120696;0;1;0;0;0
KCMF1;56888;ENSG00000176407;0;0;0;0;1
KCNB1;3745;ENSG00000158445;0;0;1;0;0
KCNJ5;3762;ENSG00000120457;0;1;0;0;0
KCTD15;79047;ENSG00000153885;0;1;0;0;0
KDELR2;11014;ENSG00000136240;0;1;0;0;0
KDM1A;23028;ENSG00000004487;0;1;0;0;0
KDM4A;9682;ENSG00000066135;0;0;0;1;0
KDM5C;8242;ENSG00000126012;0;1;0;0;0
KDR;3791;ENSG00000128052;0;1;1;1;0
KEAP1;9817;ENSG00000079999;0;1;1;0;0
KERA;11081;ENSG00000139330;0;1;0;0;0
KHDRBS2;202559;ENSG00000112232;0;1;0;0;0
KIAA0753;9851;ENSG00000198920;0;1;0;0;0
KIAA0930;23313;ENSG00000100364;0;1;0;0;0
KIF14;9928;ENSG00000118193;0;1;0;0;0
KIF15;56992;ENSG00000163808;0;1;0;0;0
KIF20A;10112;ENSG00000112984;0;1;0;0;0
KIF23;9493;ENSG00000137807;0;1;0;0;0
KIF25;3834;ENSG00000125337;0;0;0;1;0
KIF3A;11127;ENSG00000131437;0;1;0;0;0
KIF5B;3799;ENSG00000170759;0;1;0;0;0
KIF5C;3800;ENSG00000168280;0;0;0;1;0
KLC3;147700;ENSG00000104892;0;1;0;0;0
KLF15;28999;ENSG00000163884;0;1;0;0;0
KLHDC2;23588;ENSG00000165516;0;1;0;0;0
KLHL20;27252;ENSG00000076321;0;1;0;0;0
KLHL3;26249;ENSG00000146021;0;1;0;0;0
KLHL34;257240;ENSG00000185915;0;1;0;0;0
KLHL38;340359;ENSG00000175946;0;1;0;0;0
KRAS;3845;ENSG00000133703;0;1;0;1;0
KRIT1;889;ENSG00000001631;0;1;0;0;0
KRT17;3872;ENSG00000128422;0;1;0;0;0
KRT18;3875;ENSG00000111057;0;0;0;1;0
KRT222;125113;ENSG00000213424;0;1;0;0;0
KRT23;25984;ENSG00000108244;0;1;0;0;0
KRT27;342574;ENSG00000171446;0;1;0;0;0
KRT31;3881;ENSG00000094796;0;1;0;0;0
KRT33B;3884;ENSG00000131738;0;1;0;0;0
KRT34;3885;ENSG00000131737;0;1;0;0;0
KRT35;3886;ENSG00000197079;0;1;0;0;0
KRT37;8688;ENSG00000108417;0;1;0;0;0
KRT38;8687;ENSG00000171360;0;1;0;0;0
KRT72;140807;ENSG00000170486;0;1;0;0;0
KRT8;3856;ENSG00000170421;0;1;0;0;0
KRT86;3892;ENSG00000170442;0;1;0;0;0
KRTAP1-1;81851;ENSG00000188581;0;1;0;0;0
KRTAP10-8;386681;ENSG00000187766;0;1;0;0;0
KRTAP11-1;337880;ENSG00000182591;0;1;0;0;0
KRTAP19-1;337882;ENSG00000184351;0;1;0;0;0
KRTAP5-9;3846;ENSG00000254997;0;1;0;0;0
KRTAP6-2;337967;ENSG00000186930;0;1;0;0;0
KRTAP8-1;337879;ENSG00000183640;0;1;0;0;0
KXD1;79036;ENSG00000105700;0;1;0;0;0
LACRT;90070;ENSG00000135413;0;0;0;1;0
LAMP1;3916;ENSG00000185896;0;0;1;0;0
LAMP2;3920;ENSG00000005893;0;1;1;1;1
LAMP3;27074;ENSG00000078081;0;0;0;1;0
LAMTOR1;55004;ENSG00000149357;0;1;0;0;1
LAPTM4B;55353;ENSG00000104341;0;0;0;1;0
LARP1;23367;ENSG00000155506;0;0;0;1;0
LCK;3932;ENSG00000182866;0;1;0;0;0
LCN15;389812;ENSG00000177984;0;1;0;0;0
LDHA;3939;ENSG00000134333;0;1;0;0;0
LDLR;3949;ENSG00000130164;0;1;0;0;0
LEP;3952;ENSG00000174697;0;0;0;1;0
LEPR;3953;ENSG00000116678;0;0;0;1;0
LETM1;3954;ENSG00000168924;0;0;0;1;0
LGALS1;3956;ENSG00000100097;0;1;0;0;0
LGALS3;3958;ENSG00000131981;0;1;0;0;0
LGALS7;3963;ENSG00000178934;0;1;0;0;0
LGALS8;3964;ENSG00000116977;0;1;0;0;1
LGALS9;3965;ENSG00000168961;0;1;0;0;0
LGALS9B;284194;ENSG00000170298;0;1;0;0;0
LGALS9C;124907928;ENSG00000171916;0;1;0;0;0
LGMN;5641;ENSG00000100600;0;1;0;0;0
LHX6;26468;ENSG00000106852;0;1;0;0;0
LLGL1;3996;ENSG00000131899;0;1;0;0;0
LLGL2;3993;ENSG00000073350;0;1;0;0;0
LMBR1L;55716;ENSG00000139636;0;1;0;0;0
LMNB1;4001;ENSG00000113368;0;1;0;0;0
LNX1;84708;ENSG00000072201;0;1;0;0;0
PRODH;5625;ENSG00000100033;0;0;0;1;0
LPIN1;23175;ENSG00000134324;0;0;1;0;0
LRBA;987;ENSG00000198589;0;0;0;0;1
LRPPRC;10128;ENSG00000138095;0;1;0;0;0
LRRC28;123355;ENSG00000168904;0;1;0;0;0
LRRC42;115353;ENSG00000116212;0;1;0;0;0
LRRK1;79705;ENSG00000154237;0;1;0;0;0
LRRK2;120892;ENSG00000188906;0;1;1;1;0
LRSAM1;90678;ENSG00000148356;0;0;1;0;0
LUC7L2;51631;ENSG00000146963;0;1;0;0;0
LY6G5C;80741;ENSG00000204428;0;1;0;0;0
LYN;4067;ENSG00000254087;0;1;0;0;0
LYPLA1;10434;ENSG00000120992;0;0;0;0;1
LZTS1;11178;ENSG00000061337;0;0;0;1;0
MAD1L1;8379;ENSG00000002822;0;1;0;0;0
MAGEA3;4102;ENSG00000197172;0;0;1;0;0
MAGEA8;4107;ENSG00000156009;0;1;0;0;0
MALAT1;378938;ENSG00000251562;0;0;1;0;0
MALT1;10892;ENSG00000172175;0;1;0;0;0
MAP1A;4130;ENSG00000166963;0;1;0;0;0
MAP1B;4131;ENSG00000131711;0;1;0;0;0
MAP1LC3A;84557;ENSG00000101460;1;1;1;1;1
MAP1LC3B;81631;ENSG00000140941;1;1;1;1;1
MAP1LC3B2;643246;ENSG00000258102;1;1;1;0;0
MAP1LC3C;440738;ENSG00000197769;1;1;1;0;1
MAP1S;55201;ENSG00000130479;0;1;1;1;0
MAP2K1;5604;ENSG00000169032;0;0;0;1;0
MAP2K2;5605;ENSG00000126934;0;1;0;1;0
MAP2K3;5606;ENSG00000034152;0;1;0;0;0
MAP2K5;5607;ENSG00000137764;0;1;0;0;0
MAP2K6;5608;ENSG00000108984;0;1;0;0;0
MAP3K3;4215;ENSG00000198909;0;1;0;0;0
MAP3K5;4217;ENSG00000197442;0;1;0;0;0
MAP4K2;5871;ENSG00000168067;0;1;0;0;0
MAPK1;5594;ENSG00000100030;0;1;1;0;0
MAPK10;5602;ENSG00000109339;0;0;1;0;0
MAPK13;5603;ENSG00000156711;0;1;0;0;0
MAPK14;1432;ENSG00000112062;0;1;0;1;0
MAPK15;225689;ENSG00000181085;0;1;1;0;0
MAPK3;5595;ENSG00000102882;0;1;1;0;1
MAPK6;5597;ENSG00000069956;0;1;0;0;0
MAPK8;5599;ENSG00000107643;0;1;1;1;0
MAPK9;5601;ENSG00000050748;0;0;1;0;0
MAPKAPK2;9261;ENSG00000162889;0;1;0;0;0
MAPKAPK3;7867;ENSG00000114738;0;1;0;0;0
MAPRE3;22924;ENSG00000084764;0;1;0;0;0
MAPT;4137;ENSG00000186868;0;1;1;1;0
MARCHF3;115123;ENSG00000173926;0;1;0;0;0
MARCHF4;57574;ENSG00000144583;0;1;0;0;0
MARCHF5;54708;ENSG00000198060;0;1;0;0;0
MARCHF9;92979;ENSG00000139266;0;1;0;0;0
MAVS;57506;ENSG00000088888;0;1;0;0;0
MCL1;4170;ENSG00000143384;0;1;1;1;0
MCM5;4174;ENSG00000100297;0;1;0;0;0
MCOLN1;57192;ENSG00000090674;0;0;0;1;0
MCOLN3;55283;ENSG00000055732;0;0;0;1;0
MCPH1;79648;ENSG00000147316;0;1;0;0;0
MDFI;4188;ENSG00000112559;0;1;0;0;0
MDM2;4193;ENSG00000135679;0;1;0;1;0
MDM4;4194;ENSG00000198625;0;1;0;0;0
MECOM;2122;ENSG00000085276;0;1;0;0;0
MED4;29079;ENSG00000136146;0;1;0;0;0
MED8;112950;ENSG00000159479;0;1;0;0;0
MEFV;4210;ENSG00000103313;0;1;1;1;0
MEG3;55384;ENSG00000214548;0;0;1;0;0
MEGF10;84466;ENSG00000145794;0;0;0;1;0
MELTF;4241;ENSG00000163975;0;1;0;0;0
MEOX1;4222;ENSG00000005102;0;1;0;0;0
MEOX2;4223;ENSG00000106511;0;1;0;0;0
MESD;23184;ENSG00000117899;0;1;0;0;0
MET;4233;ENSG00000105976;0;0;0;1;0
METTL3;56339;ENSG00000165819;0;1;0;0;0
MEX3B;84206;ENSG00000183496;0;1;0;0;0
MFN1;55669;ENSG00000171109;0;0;0;1;0
MFN2;9927;ENSG00000116688;0;1;1;0;1
MGARP;84709;ENSG00000137463;0;1;0;0;0
MGAT5B;146664;ENSG00000167889;0;1;0;0;0
MIB1;57534;ENSG00000101752;0;1;0;0;0
MID1IP1;58526;ENSG00000165175;0;1;0;0;0
MID2;11043;ENSG00000080561;0;0;0;1;0
MISP;126353;ENSG00000099812;0;1;0;0;0
MITF;4286;ENSG00000187098;0;1;0;1;0
MLF1;4291;ENSG00000178053;0;1;0;0;0
MLH1;4292;ENSG00000076242;0;1;0;0;0
MLST8;64223;ENSG00000167965;0;1;1;0;0
MLX;6945;ENSG00000108788;0;1;0;0;0
MMP10;4319;ENSG00000166670;0;0;0;1;0
MOAP1;64112;ENSG00000165943;0;1;0;0;0
MOB4;25843;ENSG00000115540;0;1;0;0;0
MOV10;4343;ENSG00000155363;0;1;0;0;0
MREG;55686;ENSG00000118242;0;1;0;0;0
MRPL38;64978;ENSG00000204316;0;1;0;0;0
MSRB2;22921;ENSG00000148450;0;1;0;0;0
MST1;4485;ENSG00000173531;0;1;0;0;0
MTDH;92140;ENSG00000147649;0;1;1;1;0
MTFMT;123263;ENSG00000103707;0;1;0;0;0
MTMR14;64419;ENSG00000163719;0;1;0;0;0
MTMR3;8897;ENSG00000100330;0;0;1;1;0
MTMR4;9110;ENSG00000108389;0;1;0;0;0
MTOR;2475;ENSG00000198793;0;1;1;1;1
MTX1;4580;ENSG00000173171;0;1;0;0;0
MUL1;79594;ENSG00000090432;0;1;1;0;0
MVB12A;93343;ENSG00000141971;0;0;0;1;0
MYBPC2;4606;ENSG00000086967;0;1;0;0;0
MYC;4609;ENSG00000136997;0;1;1;0;0
MYCN;4613;ENSG00000134323;0;1;0;0;0
MYD88;4615;ENSG00000172936;0;1;0;0;0
MYL3;4634;ENSG00000160808;0;0;0;1;0
MYO1C;4641;ENSG00000197879;0;1;0;0;0
MYO6;4646;ENSG00000196586;0;1;0;0;0
NAA40;79829;ENSG00000110583;0;1;0;0;0
NACC1;112939;ENSG00000160877;0;0;0;1;0
NAF1;92345;ENSG00000145414;0;0;0;1;0
NANOG;79923;ENSG00000111704;0;1;0;0;0
NBR1;4077;ENSG00000188554;0;1;1;1;1
NBR2;10230;ENSG00000198496;0;0;1;0;0
NCOA7;135112;ENSG00000111912;0;1;0;0;0
NCR3;259197;ENSG00000204475;0;0;0;1;0
NDN;4692;ENSG00000182636;0;1;0;0;0
NDRG1;10397;ENSG00000104419;0;0;0;1;0
NDUFB7;4713;ENSG00000099795;0;1;0;0;0
NEAT1;283131;ENSG00000245532;0;0;1;0;0
NEDD4;4734;ENSG00000069869;0;1;1;0;0
NEDD4L;23327;ENSG00000049759;0;1;0;0;0
NEFM;4741;ENSG00000104722;0;1;0;0;0
NEK2;4751;ENSG00000117650;0;1;0;0;0
NEK4;6787;ENSG00000114904;0;1;0;0;0
NEK9;91754;ENSG00000119638;0;1;0;0;0
NES;10763;ENSG00000132688;0;1;0;0;0
NEU3;10825;ENSG00000162139;0;0;0;1;0
NF1;4763;ENSG00000196712;0;1;0;0;0
NFE2L2;4780;ENSG00000116044;0;1;0;1;0
NFKBID;84807;ENSG00000167604;0;1;0;0;0
NFX1;4799;ENSG00000086102;0;1;0;0;0
NGFR;4804;ENSG00000064300;0;1;0;0;0
NHLRC1;378884;ENSG00000187566;0;1;0;0;0
NIPSNAP1;8508;ENSG00000184117;0;1;0;0;0
NIPSNAP2;2631;ENSG00000146729;0;1;0;0;1
NKX2-3;159296;ENSG00000119919;0;0;1;0;0
NLRC4;58484;ENSG00000091106;0;0;1;0;0
NLRP10;338322;ENSG00000182261;0;1;0;0;0
NLRP2;55655;ENSG00000022556;0;1;0;0;0
NLRP3;114548;ENSG00000162711;0;1;1;0;0
NLRP4;147945;ENSG00000160505;0;0;0;1;0
NLRP5;126206;ENSG00000171487;0;1;0;0;0
NMT2;9397;ENSG00000152465;0;1;0;0;0
NOD1;10392;ENSG00000106100;0;1;0;0;0
NOD2;64127;ENSG00000167207;0;1;0;1;0
NOS1;4842;ENSG00000089250;0;0;0;1;0
NOS2;4843;ENSG00000007171;0;0;0;1;0
NOS3;4846;ENSG00000164867;0;0;0;1;0
NOTCH1;4851;ENSG00000148400;0;1;0;0;0
NOXA1;10811;ENSG00000188747;0;1;0;0;0
NPAS1;4861;ENSG00000130751;0;1;0;0;0
NPC1;4864;ENSG00000141458;0;1;1;1;1
NPLOC4;55666;ENSG00000182446;0;1;0;0;0
NPM1;4869;ENSG00000181163;0;1;0;0;0
NPSR1;387129;ENSG00000187258;0;1;0;0;0
NR1D1;9572;ENSG00000126368;0;0;1;0;0
NR3C1;2908;ENSG00000113580;0;1;0;0;0
NR4A1;3164;ENSG00000123358;0;1;0;0;0
NRAS;4893;ENSG00000213281;0;1;0;0;0
NRBF2;29982;ENSG00000148572;0;1;1;1;1
NRBP2;340371;ENSG00000185189;0;0;0;1;0
NRG1;3084;ENSG00000157168;0;0;1;0;0
NSMAF;8439;ENSG00000035681;0;1;0;0;0
NTAN1;123803;ENSG00000157045;0;1;0;0;0
NTRK1;4914;ENSG00000198400;0;1;0;0;0
NTRK2;4915;ENSG00000148053;0;1;0;0;0
NTRK3;4916;ENSG00000140538;0;1;0;0;0
NUB1;51667;ENSG00000013374;0;1;0;0;0
NUBP2;10101;ENSG00000095906;0;1;0;0;0
NUF2;83540;ENSG00000143228;0;1;0;0;0
NUFIP1;26747;ENSG00000083635;0;1;0;0;0
NUPR1;26471;ENSG00000176046;0;1;0;1;0
NXF1;10482;ENSG00000162231;0;1;0;0;0
OBSL1;23363;ENSG00000124006;0;1;0;0;0
OCIAD1;54940;ENSG00000109180;0;1;0;0;0
OCLN;100506658;ENSG00000197822;0;1;0;0;0
OCRL;4952;ENSG00000122126;0;0;0;1;0
OGT;8473;ENSG00000147162;0;1;0;0;0
OMA1;115209;ENSG00000162600;0;0;0;0;1
OPRK1;4986;ENSG00000082556;0;1;0;0;0
OPRM1;4988;ENSG00000112038;0;1;0;0;0
OPTN;10133;ENSG00000123240;0;1;1;1;1
OR10H1;26539;ENSG00000186723;0;1;0;0;0
OR10H2;26538;ENSG00000171942;0;1;0;0;0
OR5H1;26341;ENSG00000231192;0;1;0;0;0
OSBPL3;26031;ENSG00000070882;0;1;0;0;0
OSBPL7;114881;ENSG00000006025;0;1;0;0;0
OSBPL8;114882;ENSG00000091039;0;1;0;0;0
OTUD7B;56957;ENSG00000264522;0;1;0;0;0
OTULIN;90268;ENSG00000154124;0;1;0;0;0
OTULINL;54491;ENSG00000145569;0;1;0;0;0
OXER1;165140;ENSG00000162881;0;1;0;0;0
P2RY6;5031;ENSG00000171631;0;1;0;0;0
P2RY8;286530;ENSG00000182162;0;1;0;0;0
P4HA2;8974;ENSG00000072682;0;1;0;0;0
P4HB;5034;ENSG00000185624;0;0;1;0;0
PACS2;23241;ENSG00000179364;0;0;0;0;1
PAFAH1B2;5049;ENSG00000168092;0;0;0;1;0
PAGE4;9506;ENSG00000101951;0;1;0;0;0
PAN2;9924;ENSG00000135473;0;1;0;0;0
PAQR3;152559;ENSG00000163291;0;0;1;0;0
PARD6A;50855;ENSG00000102981;0;1;0;0;0
PARK7;11315;ENSG00000116288;0;1;0;0;0
PARP1;142;ENSG00000143799;0;1;1;0;0
PARP10;84875;ENSG00000178685;0;1;0;0;0
PAWR;5074;ENSG00000177425;0;1;0;0;0
PAX6;5080;ENSG00000007372;0;1;0;0;0
PCGEM1;64002;ENSG00000227418;0;0;1;0;0
PCGF1;84759;ENSG00000115289;0;1;0;1;0
PCK1;5105;ENSG00000124253;0;1;0;0;0
PDCD4;27250;ENSG00000150593;0;1;0;0;0
PDE2A;5138;ENSG00000186642;0;1;0;0;0
PDE4A;5141;ENSG00000065989;0;1;0;0;0
PDIA6;10130;ENSG00000143870;0;1;0;0;0
PDK1;5163;ENSG00000152256;0;1;0;1;0
PDK2;5164;ENSG00000005882;0;0;0;1;0
PDK4;5166;ENSG00000004799;0;0;0;1;0
PDPK1;5170;ENSG00000140992;0;1;1;0;0
PEDS1;387521;ENSG00000240849;0;1;0;0;0
PELP1;27043;ENSG00000141456;0;0;1;0;0
PEX10;5192;ENSG00000157911;0;0;0;0;1
PEX12;5193;ENSG00000108733;0;0;0;0;1
PEX14;5195;ENSG00000142655;0;0;1;0;0
PEX2;5828;ENSG00000164751;0;0;0;0;1
PEX3;8504;ENSG00000034693;0;0;1;0;0
PEX5;5830;ENSG00000139197;0;1;0;0;1
PF4V1;5197;ENSG00000109272;0;1;0;0;0
PGAM5;192111;ENSG00000247077;0;0;0;1;0
PGK1;5230;ENSG00000102144;0;1;1;0;0
PGRMC1;10857;ENSG00000101856;0;1;0;0;0
PHB1;5245;ENSG00000167085;0;1;0;0;0
PHB2;11331;ENSG00000215021;0;1;0;0;1
PHLPP1;23239;ENSG00000081913;0;1;0;0;0
PI4K2A;55361;ENSG00000155252;0;1;0;0;0
PIAS4;51588;ENSG00000105229;0;1;0;0;0
PIGF;5281;ENSG00000151665;0;1;0;0;0
PIGH;5283;ENSG00000100564;0;1;0;0;0
PIK3C2A;5286;ENSG00000011405;0;1;1;0;0
PIK3C3;5289;ENSG00000078142;1;1;1;1;1
PIK3CA;5290;ENSG00000121879;0;1;1;1;0
PIK3CB;5291;ENSG00000051382;0;0;0;1;0
PIK3R1;5295;ENSG00000145675;0;1;0;0;0
PIK3R2;5296;ENSG00000105647;0;1;0;1;0
PIK3R4;30849;ENSG00000196455;1;1;1;0;1
PIM2;11040;ENSG00000102096;0;0;1;0;0
PINK1;65018;ENSG00000158828;0;1;1;1;1
PIP4K2A;5305;ENSG00000150867;0;0;1;1;0
PIP4K2B;8396;ENSG00000276293;0;0;0;1;0
PIP4K2C;79837;ENSG00000166908;0;0;0;1;0
PIP5K1C;23396;ENSG00000186111;0;1;0;0;0
PKM;5315;ENSG00000067225;0;0;0;1;0
PKN1;5585;ENSG00000123143;0;1;0;0;0
PKP1;5317;ENSG00000081277;0;1;0;0;0
PLA2G4E;123745;ENSG00000188089;0;1;0;0;0
PLAA;9373;ENSG00000137055;0;0;0;0;1
PLD1;5337;ENSG00000075651;0;0;0;1;0
PLD2;5338;ENSG00000129219;0;0;0;1;0
PLEKHA4;57664;ENSG00000105559;0;1;0;0;0
PLEKHF1;79156;ENSG00000166289;0;0;1;1;0
PLEKHM1;9842;ENSG00000225190;0;0;1;0;1
PLEKHM2;23207;ENSG00000116786;0;0;1;0;0
PLG;5340;ENSG00000122194;0;0;0;1;0
PLIN1;5346;ENSG00000166819;0;1;0;0;0
PLK2;10769;ENSG00000145632;0;0;0;1;0
PLN;5350;ENSG00000198523;0;1;0;0;0
PLSCR1;5359;ENSG00000188313;0;1;0;0;0
PLSCR5;389158;ENSG00000231213;0;1;0;0;0
PMAIP1;5366;ENSG00000141682;0;1;0;0;0
PMF1;11243;ENSG00000160783;0;1;0;0;0
PML;5371;ENSG00000140464;0;1;0;0;0
POC1A;25886;ENSG00000164087;0;1;0;0;0
POGLUT1;56983;ENSG00000163389;0;1;0;0;0
POLR2E;5434;ENSG00000099817;0;1;0;0;0
POLR2F;5435;ENSG00000100142;0;1;0;0;0
POLR2H;5437;ENSG00000163882;0;1;0;0;0
POLR2K;5440;ENSG00000147669;0;1;0;0;0
POLR3B;55703;ENSG00000013503;0;1;0;0;0
POLR3E;55718;ENSG00000058600;0;1;0;0;0
POLR3F;10621;ENSG00000132664;0;1;0;0;0
POT1;25913;ENSG00000128513;0;1;0;0;0
POU5F1;5460;ENSG00000204531;0;1;0;0;0
PPARA;5465;ENSG00000186951;0;1;0;0;0
PPFIA4;8497;ENSG00000143847;0;0;0;1;0
PPP1CA;5499;ENSG00000172531;0;1;0;0;0
PPP1CB;5500;ENSG00000213639;0;1;0;0;0
PPP1CC;5501;ENSG00000186298;0;1;0;0;0
PPP1R15A;23645;ENSG00000087074;0;0;1;0;0
PPP2CA;5515;ENSG00000113575;0;1;0;0;0
PPP2CB;5516;ENSG00000104695;0;1;0;0;0
PPP2R1A;5518;ENSG00000105568;0;1;0;0;0
PPP2R5B;5526;ENSG00000068971;0;1;0;0;0
PPP2R5C;5527;ENSG00000078304;0;1;0;0;0
PPP4C;5531;ENSG00000149923;0;1;0;0;0
PPTC7;160760;ENSG00000196850;0;0;0;0;1
PRAMEF17;391004;ENSG00000204479;0;1;0;0;0
PRC1;9055;ENSG00000198901;0;1;0;0;0
PRDM9;56979;ENSG00000164256;0;1;0;0;0
PRKAA1;5562;ENSG00000132356;0;1;1;1;1
PRKAA2;5563;ENSG00000162409;0;1;1;1;0
PRKAB1;5564;ENSG00000111725;0;1;1;0;0
PRKAB2;5565;ENSG00000131791;0;1;0;0;0
PRKACA;5566;ENSG00000072062;0;1;0;0;0
PRKAG1;5571;ENSG00000181929;0;1;0;0;0
PRKAG2;51422;ENSG00000106617;0;1;0;0;0
PRKAG3;53632;ENSG00000115592;0;1;0;0;0
PRKAR1A;5573;ENSG00000108946;0;0;1;0;0
PRKCA;5578;ENSG00000154229;0;1;0;0;0
PRKCB;5579;ENSG00000166501;0;0;1;0;0
PRKCD;5580;ENSG00000163932;0;1;1;1;0
PRKCI;5584;ENSG00000163558;0;1;0;0;0
PRKCQ;5588;ENSG00000065675;0;0;1;0;0
PRKCZ;5590;ENSG00000067606;0;1;0;0;0
PRKD1;5587;ENSG00000184304;0;0;0;1;0
PRKD2;25865;ENSG00000105287;0;1;0;0;0
PRKDC;5591;ENSG00000253729;0;0;1;1;0
PRKN;5071;ENSG00000185345;0;1;1;1;1
PRMT1;3276;ENSG00000126457;0;1;0;0;0
PRNP;5621;ENSG00000171867;0;1;0;0;0
PRPF40A;55660;ENSG00000196504;0;1;0;0;0
PRPF8;10594;ENSG00000174231;0;1;0;0;0
PRR20C;729240;ENSG00000229665;0;1;0;0;0
PRR27;401137;ENSG00000187533;0;1;0;0;0
PRUNE2;158471;ENSG00000106772;0;1;0;0;0
PSAP;5660;ENSG00000197746;0;0;0;1;0
PSEN1;5663;ENSG00000080815;0;1;1;0;0
PSEN2;5664;ENSG00000143801;0;1;0;0;0
PSG1;5669;ENSG00000231924;0;1;0;0;0
PSMA6;5687;ENSG00000100902;0;1;0;0;0
PSMB2;5690;ENSG00000126067;0;1;0;0;0
PSMC2;5701;ENSG00000161057;0;1;0;0;0
PSMC3;5702;ENSG00000165916;0;1;0;0;0
PSMD10;5716;ENSG00000101843;0;1;0;0;0
PSMD14;10213;ENSG00000115233;0;1;0;0;0
PSMD2;5708;ENSG00000175166;0;1;0;0;0
PSMD4;5710;ENSG00000159352;0;1;0;0;0
PTCH1;5727;ENSG00000185920;0;1;0;0;0
PTEN;5728;ENSG00000171862;0;0;1;1;0
PTENP1;11191;ENSG00000237984;0;0;1;0;0
PTGER2;5732;ENSG00000125384;0;0;0;1;0
PTGIR;5739;ENSG00000160013;0;1;0;0;0
PTH2R;5746;ENSG00000144407;0;1;0;0;0
PTK2;5747;ENSG00000169398;0;1;0;0;0
PTK2B;2185;ENSG00000120899;0;1;0;0;0
PTPN2;5771;ENSG00000175354;0;0;1;0;0
PTPN22;26191;ENSG00000134242;0;0;0;1;0
PTPRA;5786;ENSG00000132670;0;1;0;0;0
PXMP2;5827;ENSG00000176894;0;1;0;0;0
PXN;5829;ENSG00000089159;0;1;0;0;0
PYCARD;29108;ENSG00000103490;0;1;0;0;0
QSOX1;5768;ENSG00000116260;0;0;0;1;0
RAB11A;8766;ENSG00000103769;0;1;0;1;0
RAB12;201475;ENSG00000206418;0;0;1;0;0
RAB13;5872;ENSG00000143545;0;0;1;0;0
RAB1A;5861;ENSG00000138069;0;0;1;1;1
RAB1B;81876;ENSG00000174903;0;0;1;0;0
RAB23;51715;ENSG00000112210;0;0;1;0;1
RAB24;53917;ENSG00000169228;0;0;1;0;0
RAB25;57111;ENSG00000132698;0;0;1;0;0
RAB26;25837;ENSG00000167964;0;1;0;0;0
RAB2A;5862;ENSG00000104388;0;0;0;0;1
RAB32;10981;ENSG00000118508;0;0;1;0;0
RAB33A;9363;ENSG00000134594;0;1;0;0;0
RAB33B;83452;ENSG00000172007;0;1;1;0;1
RAB35;11021;ENSG00000111737;0;1;0;0;0
RAB39A;54734;ENSG00000179331;0;0;0;0;1
RAB39B;116442;ENSG00000155961;0;0;1;0;0
RAB3B;5865;ENSG00000169213;0;1;0;0;0
RAB3D;9545;ENSG00000105514;0;1;0;0;0
RAB40A;142684;ENSG00000172476;0;1;0;0;0
RAB40C;57799;ENSG00000197562;0;1;0;0;0
RAB4A;5867;ENSG00000168118;0;1;0;0;0
RAB5A;5868;ENSG00000144566;0;1;1;0;0
RAB5C;5878;ENSG00000108774;0;1;0;0;0
RAB7A;7879;ENSG00000075785;0;1;1;0;1
RAB8A;4218;ENSG00000167461;0;1;1;0;0
RAB8B;51762;ENSG00000166128;0;0;1;0;0
RAB9A;9367;ENSG00000123595;0;1;1;0;0
RABAC1;10567;ENSG00000105404;0;1;0;0;0
RAC3;5881;ENSG00000169750;0;0;0;1;0
RACK1;10399;ENSG00000204628;0;1;0;0;0
RAD18;56852;ENSG00000070950;0;1;0;0;0
RAD23A;5886;ENSG00000179262;0;1;0;0;0
RAD51;5888;ENSG00000051180;0;1;0;0;0
RAD54L2;23132;ENSG00000164080;0;1;0;0;0
RAD9A;5883;ENSG00000172613;0;1;0;0;0
RAF1;5894;ENSG00000132155;0;1;1;0;0
RALB;5899;ENSG00000144118;0;1;0;0;0
RAMP1;10267;ENSG00000132329;0;1;0;0;0
RARA;5914;ENSG00000131759;0;1;0;0;0
RASIP1;54922;ENSG00000105538;0;0;0;1;0
RB1;5925;ENSG00000139687;0;0;1;0;0
RB1CC1;9821;ENSG00000023287;1;1;1;0;1
RBM45;129831;ENSG00000155636;0;1;0;0;0
RBX1;9978;ENSG00000100387;0;0;0;0;1
RCAN1;1827;ENSG00000159200;0;0;1;0;0
RCCD1;91433;ENSG00000166965;0;1;0;0;0
RCN2;5955;ENSG00000117906;0;1;0;0;0
RECQL4;9401;ENSG00000160957;0;1;0;0;0
REEP6;92840;ENSG00000115255;0;1;0;0;0
REL;5966;ENSG00000162924;0;1;0;0;0
RELA;5970;ENSG00000173039;0;1;0;1;0
RELB;5971;ENSG00000104856;0;0;1;0;0
RETN;56729;ENSG00000104918;0;1;0;0;0
RETREG1;54463;ENSG00000154153;0;1;0;0;1
RETREG3;162427;ENSG00000141699;0;1;0;0;1
RFPL4B;442247;ENSG00000251258;0;1;0;0;0
RFTN1;23180;ENSG00000131378;0;1;0;0;0
RGS19;10287;ENSG00000171700;0;0;1;1;0
RGS3;5998;ENSG00000138835;0;1;0;0;0
RGS4;5999;ENSG00000117152;0;1;0;0;0
RGS9BP;388531;ENSG00000186326;0;1;0;0;0
RHEB;6009;ENSG00000106615;0;0;1;0;1
RHOA;387;ENSG00000067560;0;1;0;0;0
RHOJ;57381;ENSG00000126785;0;1;0;0;0
RHOXF1;104797536;ENSG00000101883;0;1;0;0;0
RICTOR;253260;ENSG00000164327;0;0;1;0;0
RIGI;23586;ENSG00000107201;0;1;0;0;0
RIMOC1;285636;ENSG00000205765;0;0;0;0;1
RIPK1;8737;ENSG00000137275;0;1;0;0;0
RIPK2;8767;ENSG00000104312;0;1;0;0;0
RIT1;6016;ENSG00000143622;0;1;0;0;0
RMC1;29919;ENSG00000141452;0;1;0;0;0
RMND5A;64795;ENSG00000153561;0;1;0;0;0
RNASEL;6041;ENSG00000135828;0;0;0;1;0
RNF123;63891;ENSG00000164068;0;1;0;0;0
RNF13;11342;ENSG00000082996;0;1;0;0;0
RNF145;153830;ENSG00000145860;0;1;0;0;0
RNF152;220441;ENSG00000176641;0;0;0;1;0
RNF166;115992;ENSG00000158717;0;1;0;0;0
RNF168;165918;ENSG00000163961;0;1;0;0;0
RNF181;51255;ENSG00000168894;0;1;0;0;0
RNF183;138065;ENSG00000165188;0;1;0;0;0
RNF185;91445;ENSG00000138942;0;1;0;0;0
RNF2;6045;ENSG00000121481;0;1;0;0;0
RNF213;57674;ENSG00000173821;0;0;0;0;1
RNF216;54476;ENSG00000011275;0;1;0;0;0
RNF26;79102;ENSG00000173456;0;1;0;0;0
RNF31;55072;ENSG00000092098;0;1;0;0;0
RNF4;6047;ENSG00000063978;0;1;0;0;0
RNF43;54894;ENSG00000108375;0;1;0;0;0
RPA2;6118;ENSG00000117748;0;1;0;0;0
RPL35A;6165;ENSG00000182899;0;1;0;0;0
RPL37;6167;ENSG00000145592;0;1;0;0;0
RPS20;6224;ENSG00000008988;0;1;0;0;0
RPS6KB1;6198;ENSG00000108443;0;0;1;1;1
RPS6KB2;6199;ENSG00000175634;0;0;1;0;0
RPTOR;57521;ENSG00000141564;0;1;1;1;1
RRAGA;10670;ENSG00000155876;0;0;1;1;1
RRAGB;10325;ENSG00000083750;0;0;1;0;0
RRAGC;64121;ENSG00000116954;0;1;0;0;1
RTKN;6242;ENSG00000114993;0;1;0;0;0
RTN3;10313;ENSG00000133318;0;1;0;0;0
RTN4;57142;ENSG00000115310;0;1;0;0;0
RUBCN;9711;ENSG00000145016;0;1;1;1;0
RUBCNL;80183;ENSG00000102445;0;1;1;0;1
RUFY4;285180;ENSG00000188282;0;1;1;0;1
RUSC2;9853;ENSG00000198853;0;1;0;0;0
RUSF1;64755;ENSG00000140688;0;1;0;0;0
RWDD2A;112611;ENSG00000013392;0;1;0;0;0
RXRA;6256;ENSG00000186350;0;1;0;0;0
RYR1;6261;ENSG00000196218;0;0;1;0;0
S100A6;6277;ENSG00000197956;0;1;0;0;0
S100A8;6279;ENSG00000143546;0;1;0;1;1
S100A9;6280;ENSG00000163220;0;0;0;1;1
S100P;6286;ENSG00000163993;0;1;0;0;0
S1PR3;1903;ENSG00000213694;0;0;0;1;0
SAFB;6294;ENSG00000160633;0;1;0;0;0
SAFB2;9667;ENSG00000130254;0;1;0;0;0
SALL2;6297;ENSG00000165821;0;1;0;0;0
SAMM50;25813;ENSG00000100347;0;1;0;0;0
SASS6;163786;ENSG00000156876;0;1;0;0;0
SCAP;22937;ENSG00000114650;0;1;0;0;0
SCCPDH;51097;ENSG00000143653;0;1;0;0;0
SCOC;60592;ENSG00000153130;0;1;1;1;0
SCYL3;57147;ENSG00000000457;0;1;0;0;0
SDCBP;6386;ENSG00000137575;0;1;0;0;0
SDHB;6390;ENSG00000117118;0;0;0;1;0
SEC16A;9919;ENSG00000148396;0;1;1;0;0
SEC16B;111240474;ENSG00000120341;0;0;1;0;0
SEC23A;10484;ENSG00000100934;0;0;1;0;0
SEC23B;10483;ENSG00000101310;0;0;1;0;0
SENP3;26168;ENSG00000161956;0;1;0;0;0
SEPTIN4;5414;ENSG00000108387;0;1;0;0;0
SERPINA1;5265;ENSG00000197249;0;1;1;1;0
SESN1;27244;ENSG00000080546;0;1;1;0;0
SESN2;83667;ENSG00000130766;0;1;1;1;0
SETD2;29072;ENSG00000181555;0;0;0;0;1
SETD7;80854;ENSG00000145391;0;1;0;0;0
SFXN2;118980;ENSG00000156398;0;1;0;0;0
SGF29;112869;ENSG00000176476;0;1;0;0;0
SGO1;151648;ENSG00000129810;0;1;0;0;0
SGSM2;9905;ENSG00000141258;0;0;0;1;0
SGTB;54557;ENSG00000197860;0;1;0;0;0
SH3BGRL;6451;ENSG00000131171;0;1;0;0;0
SH3BP4;23677;ENSG00000130147;0;0;0;1;0
SH3GLB1;51100;ENSG00000097033;0;1;1;1;0
SHC1;6464;ENSG00000160691;0;1;0;1;0
SHD;56961;ENSG00000105251;0;1;0;0;0
SHMT2;6472;ENSG00000182199;0;1;0;0;0
SIK2;23235;ENSG00000170145;0;0;0;1;0
SIRT1;23411;ENSG00000096717;0;1;1;1;0
SIRT2;22933;ENSG00000068903;0;0;1;1;0
SIRT3;23410;ENSG00000142082;0;0;1;0;0
SIRT6;51548;ENSG00000077463;0;1;0;1;0
SIVA1;10572;ENSG00000184990;0;1;0;0;0
SKAP1;8631;ENSG00000141293;0;1;0;0;0
SKI;6497;ENSG00000157933;0;1;0;0;0
SKP2;6502;ENSG00000145604;0;1;0;0;0
SLAMF1;6504;ENSG00000117090;0;1;0;0;0
SLC13A2;9058;ENSG00000007216;0;1;0;0;0
SLC17A2;10246;ENSG00000112337;0;1;0;0;0
SLC19A1;6573;ENSG00000173638;0;1;0;0;0
SLC27A4;10999;ENSG00000167114;0;1;0;0;0
SLC2A1;6513;ENSG00000117394;0;1;0;0;0
SLC2A13;114134;ENSG00000151229;0;1;0;0;0
SLC30A2;7780;ENSG00000158014;0;1;0;0;0
SLC35G1;159371;ENSG00000176273;0;1;0;0;0
SLC44A5;204962;ENSG00000137968;0;1;0;0;0
SLC45A2;51151;ENSG00000164175;0;1;0;0;0
SLC4A8;9498;ENSG00000050438;0;1;0;0;0
SLC9A6;10479;ENSG00000198689;0;1;0;0;0
SLU7;10569;ENSG00000164609;0;1;0;0;0
SMAD2;4087;ENSG00000175387;0;0;0;1;0
SMAD3;4088;ENSG00000166949;0;1;0;0;0
SMAD4;4089;ENSG00000141646;0;1;0;1;0
SMARCB1;6598;ENSG00000099956;0;1;0;0;0
SMCR8;140775;ENSG00000176994;0;1;1;0;0
SMN1;6606;ENSG00000172062;0;1;0;0;0
SMO;6608;ENSG00000128602;0;1;0;0;0
SMPD1;6609;ENSG00000166311;0;0;0;1;0
SMURF1;57154;ENSG00000198742;0;1;0;0;1
SMYD3;64754;ENSG00000185420;0;0;0;1;0
SNAI1;6615;ENSG00000124216;0;0;0;1;0
SNAP29;9342;ENSG00000099940;0;1;1;0;1
SNAP91;9892;ENSG00000065609;0;1;0;0;0
SNCA;6622;ENSG00000145335;0;1;1;1;0
SNCAIP;9627;ENSG00000064692;0;0;1;0;0
SNF8;11267;ENSG00000159210;0;0;0;1;1
SNRPD1;6632;ENSG00000167088;0;0;1;0;0
SNRPE;6635;ENSG00000182004;0;0;1;1;0
SNW1;22938;ENSG00000100603;0;1;0;0;0
SNX10;29887;ENSG00000086300;0;0;1;0;0
SNX14;57231;ENSG00000135317;0;0;0;0;1
SNX18;112574;ENSG00000178996;0;0;1;0;0
SNX21;90203;ENSG00000124104;0;1;0;0;0
SNX33;257364;ENSG00000173548;0;1;0;0;0
SNX7;51375;ENSG00000162627;0;0;1;0;0
SOCS1;8651;ENSG00000185338;0;1;0;0;0
SOCS2;8835;ENSG00000120833;0;1;0;0;0
SOCS3;9021;ENSG00000184557;0;1;0;0;0
SOCS4;122809;ENSG00000180008;0;1;0;0;0
SOCS6;9306;ENSG00000170677;0;1;0;0;0
SOD1;6647;ENSG00000142168;0;1;0;1;0
SOD2;6648;ENSG00000291237;0;0;0;1;0
SORCS2;57537;ENSG00000184985;0;0;0;1;0
SOX2;6657;ENSG00000181449;0;1;0;0;0
SPAG9;9043;ENSG00000008294;0;1;0;0;0
SPANXN4;441525;ENSG00000189326;0;1;0;0;0
SPART;23111;ENSG00000133104;0;0;0;0;1
SPATA18;132671;ENSG00000163071;0;0;0;0;1
SPATA33;124045;ENSG00000167523;0;1;0;0;0
SPC25;57405;ENSG00000152253;0;1;0;0;0
SPG11;80208;ENSG00000104133;0;0;0;0;1
SPHK1;8877;ENSG00000176170;0;1;1;1;0
SPHK2;56848;ENSG00000063176;0;1;0;0;0
SPNS1;83985;ENSG00000169682;0;1;1;0;0
SPOP;8405;ENSG00000121067;0;1;0;0;0
SPRED2;200734;ENSG00000198369;0;1;0;0;0
SPSB2;105369632;ENSG00000111671;0;1;0;0;0
SPSB4;92369;ENSG00000175093;0;1;0;0;0
SPTAN1;6709;ENSG00000197694;0;1;0;0;0
SPX;80763;ENSG00000134548;0;1;0;0;0
SQSTM1;8878;ENSG00000161011;1;1;1;1;1
SRC;6714;ENSG00000197122;0;1;0;0;0
SREBF1;6720;ENSG00000072310;0;0;1;0;0
SREBF2;6721;ENSG00000198911;0;1;0;0;0
SRPK1;6732;ENSG00000096063;0;1;0;0;0
SRPK2;6733;ENSG00000135250;0;1;0;0;0
SRRM2;23524;ENSG00000167978;0;1;0;0;0
SSUH2;51066;ENSG00000125046;0;1;0;0;0
ST13;6767;ENSG00000100380;0;0;1;0;0
ST14;6768;ENSG00000149418;0;1;0;0;0
STAM;8027;ENSG00000136738;0;0;0;1;0
STAM2;10254;ENSG00000115145;0;0;0;1;0
STAMBP;10617;ENSG00000124356;0;1;0;0;0
STAMBPL1;57559;ENSG00000138134;0;1;0;0;0
STAT3;6774;ENSG00000168610;0;1;1;0;0
STAU1;6780;ENSG00000124214;0;1;0;0;0
STBD1;8987;ENSG00000118804;0;1;1;0;1
STIM1;6786;ENSG00000167323;0;0;1;1;0
STING1;340061;ENSG00000184584;0;0;1;0;1
STK11;6794;ENSG00000118046;0;1;1;1;0
STK16;8576;ENSG00000115661;0;1;0;0;0
STK26;51765;ENSG00000134602;0;0;1;0;0
STK3;6788;ENSG00000104375;0;1;0;0;0
STK38;11329;ENSG00000112079;0;0;0;1;0
STK4;6789;ENSG00000101109;0;1;0;0;0
STUB1;10273;ENSG00000103266;0;0;1;0;0
STX12;23673;ENSG00000117758;0;0;0;0;1
STX17;55014;ENSG00000136874;0;1;1;0;1
STX2;2054;ENSG00000111450;0;1;0;0;0
STX7;8417;ENSG00000079950;0;0;1;0;0
STX8;9482;ENSG00000170310;0;0;1;0;0
STXBP6;29091;ENSG00000168952;0;1;0;0;0
STYK1;55359;ENSG00000060140;0;1;0;0;0
SUPT20H;55578;ENSG00000102710;0;1;0;1;0
SUPT5H;6829;ENSG00000196235;0;0;0;1;0
SVIP;258010;ENSG00000198168;0;0;0;1;0
SYCE1;93426;ENSG00000171772;0;1;0;0;0
SYCE3;644186;ENSG00000217442;0;1;0;0;0
SYK;6850;ENSG00000165025;0;0;0;0;1
SYN1;6853;ENSG00000008056;0;1;0;0;0
SYNE3;161176;ENSG00000176438;0;1;0;0;0
SYNPO2;171024;ENSG00000172403;0;1;0;0;0
SYP;6855;ENSG00000102003;0;1;0;0;0
SYT1;6857;ENSG00000067715;0;1;0;0;0
SYT11;23208;ENSG00000132718;0;0;0;0;1
TAB2;23118;ENSG00000055208;0;1;0;1;0
TAB3;257397;ENSG00000157625;0;1;1;1;0
TACC1;6867;ENSG00000147526;0;1;0;0;0
TACR2;6865;ENSG00000075073;0;0;0;1;0
TACR3;6870;ENSG00000169836;0;1;0;0;0
TALDO1;6888;ENSG00000177156;0;1;0;0;0
TARDBP;23435;ENSG00000120948;0;1;0;0;0
TAX1BP1;8887;ENSG00000106052;0;1;1;0;0
TBC1D10A;83874;ENSG00000099992;0;0;0;1;0
TBC1D10B;26000;ENSG00000169221;0;0;0;1;0
TBC1D10C;374403;ENSG00000175463;0;0;0;1;0
TBC1D14;57533;ENSG00000132405;0;0;1;1;0
TBC1D15;64786;ENSG00000121749;0;1;0;0;0
TBC1D16;125058;ENSG00000167291;0;0;0;1;0
TBC1D17;79735;ENSG00000104946;0;0;0;1;0
TBC1D22A;25771;ENSG00000054611;0;1;0;0;0
TBC1D25;4943;ENSG00000068354;0;1;0;0;0
TBC1D4;9882;ENSG00000136111;0;0;0;1;0
TBC1D5;9779;ENSG00000131374;0;0;1;1;1
TBC1D7;107080638;ENSG00000145979;0;0;1;1;0
TBC1D9;23158;ENSG00000109436;0;0;0;1;0
TBC1D9B;23061;ENSG00000197226;0;0;0;1;0
TBK1;29110;ENSG00000183735;0;1;1;1;0
TBKBP1;9755;ENSG00000198933;0;1;0;0;0
TCEAL4;79921;ENSG00000133142;0;1;0;0;0
TCF4;6925;ENSG00000196628;0;1;0;0;0
TCHP;84260;ENSG00000139437;0;0;0;1;0
TCIRG1;10312;ENSG00000110719;0;1;0;0;0
TCP10L;140290;ENSG00000242220;0;1;0;0;0
TECPR1;25851;ENSG00000205356;1;1;1;1;1
TECPR2;9895;ENSG00000196663;0;1;1;0;0
TERF2IP;54386;ENSG00000166848;0;1;0;0;0
TES;26136;ENSG00000135269;0;1;0;0;0
TEX19;400629;ENSG00000182459;0;1;0;0;0
TEX264;51368;ENSG00000164081;0;1;1;0;1
TFE3;7030;ENSG00000068323;0;0;0;1;0
TFEB;7942;ENSG00000112561;0;1;1;1;0
TFRC;7037;ENSG00000072274;0;1;0;0;0
TGDS;23483;ENSG00000088451;0;1;0;0;0
TGFB1;7040;ENSG00000105329;0;1;0;1;0
TGFB2-OT1;103611157;ENSG00000281453;0;0;1;0;0
TGFBR2;7048;ENSG00000163513;0;1;0;0;0
TGM2;7052;ENSG00000198959;0;1;0;0;0
TGOLN2;10618;ENSG00000152291;0;1;0;0;0
THBS2;7058;ENSG00000186340;0;0;0;1;0
THOC1;9984;ENSG00000079134;0;1;0;0;0
TIGAR;57103;ENSG00000078237;0;0;1;0;0
TIMM10;26519;ENSG00000134809;0;1;0;0;0
TIMM23;100287932;ENSG00000265354;0;0;0;0;1
TK1;7083;ENSG00000167900;0;1;0;0;0
TLR2;7097;ENSG00000137462;0;1;0;0;0
TM2D1;83941;ENSG00000162604;0;1;0;0;0
TM9SF1;10548;ENSG00000100926;0;0;1;0;0
TMBIM6;7009;ENSG00000139644;0;1;0;0;0
TMCO3;55002;ENSG00000150403;0;1;0;0;0
TMEM131;23505;ENSG00000075568;0;1;0;0;0
TMEM132A;54972;ENSG00000006118;0;1;0;0;0
TMEM150B;284417;ENSG00000180061;0;0;1;0;0
TMEM160;54958;ENSG00000130748;0;1;0;0;0
TMEM17;200728;ENSG00000186889;0;1;0;0;0
TMEM170A;124491;ENSG00000166822;0;1;0;0;0
TMEM192;201931;ENSG00000170088;0;1;0;0;0
TMEM41B;440026;ENSG00000166471;0;0;1;0;1
TMEM59;9528;ENSG00000116209;0;0;0;1;0
TMEM74;157753;ENSG00000164841;0;1;1;1;1
TMPO;7112;ENSG00000120802;0;1;0;0;0
TMX1;81542;ENSG00000139921;0;1;0;0;0
TNF;7124;ENSG00000232810;0;1;0;1;0
TNFAIP3;7128;ENSG00000118503;0;1;0;0;0
TNFRSF10A;8797;ENSG00000104689;0;1;0;0;0
TNFRSF10B;8795;ENSG00000120889;0;0;0;1;0
TNFSF10;8743;ENSG00000121858;0;0;1;1;0
TNFSF18;8995;ENSG00000120337;0;1;0;0;0
TNIP1;10318;ENSG00000145901;0;1;0;0;0
TNIP2;79155;ENSG00000168884;0;1;0;0;0
TNK2;10188;ENSG00000061938;0;1;0;0;0
TNPO1;3842;ENSG00000083312;0;1;0;0;0
TNS3;64759;ENSG00000136205;0;1;0;0;0
TOLLIP;54472;ENSG00000078902;0;1;0;0;0
TOM1;10043;ENSG00000100284;0;0;0;0;1
TOMM20;9804;ENSG00000173726;0;1;0;0;0
TOMM70;9868;ENSG00000154174;0;1;0;0;0
TP53;7157;ENSG00000141510;0;1;1;1;1
TP53AIP1;63970;ENSG00000120471;0;1;0;0;0
TP53BP2;7159;ENSG00000143514;0;1;0;0;0
TP53INP1;94241;ENSG00000164938;0;1;1;1;0
TP53INP2;58476;ENSG00000078804;0;1;1;0;1
TP63;8626;ENSG00000073282;0;1;1;1;0
TP73;7161;ENSG00000078900;0;1;1;1;0
TPCN1;53373;ENSG00000186815;0;0;0;1;0
TPCN2;219931;ENSG00000162341;0;0;0;1;0
TPI1;7167;ENSG00000111669;0;1;0;0;0
TPRA1;131601;ENSG00000163870;0;1;0;0;0
TPX2;22974;ENSG00000088325;0;1;0;0;0
TRAF1;7185;ENSG00000056558;0;1;0;0;0
TRAF2;7186;ENSG00000127191;0;1;0;0;0
TRAF3;7187;ENSG00000131323;0;0;1;0;0
TRAF3IP3;80342;ENSG00000009790;0;1;0;0;0
TRAF6;7189;ENSG00000175104;0;1;1;0;1
TRAP1;10131;ENSG00000126602;0;0;1;0;0
TRAPPC4;51399;ENSG00000196655;0;0;0;0;1
TRIB3;57761;ENSG00000101255;0;1;0;0;0
TRIM10;10107;ENSG00000204613;0;1;0;0;0
TRIM11;81559;ENSG00000154370;0;1;0;0;0
TRIM13;10206;ENSG00000204977;0;1;1;1;0
TRIM14;9830;ENSG00000106785;0;1;0;0;0
TRIM16;10626;ENSG00000221926;0;1;1;0;0
TRIM17;51127;ENSG00000162931;0;0;1;1;1
TRIM21;6737;ENSG00000132109;0;1;0;1;1
TRIM22;10346;ENSG00000132274;0;0;0;1;0
TRIM23;373;ENSG00000113595;0;1;0;0;0
TRIM25;7706;ENSG00000121060;0;1;0;0;0
TRIM28;10155;ENSG00000130726;0;0;1;0;0
TRIM3;10612;ENSG00000110171;0;1;0;0;0
TRIM32;22954;ENSG00000119401;0;1;0;0;1
TRIM37;4591;ENSG00000108395;0;1;0;0;0
TRIM42;287015;ENSG00000155890;0;1;0;0;0
TRIM44;54765;ENSG00000166326;0;1;0;0;0
TRIM5;85363;ENSG00000132256;0;0;1;1;1
TRIM50;135892;ENSG00000146755;0;1;0;0;0
TRIM55;84675;ENSG00000147573;0;1;0;0;0
TRIM63;84676;ENSG00000158022;0;1;0;0;0
TRIM65;201292;ENSG00000141569;0;0;0;1;0
TRIM66;9866;ENSG00000166436;0;1;0;0;0
TRIM8;81603;ENSG00000171206;0;0;0;1;0
TRIP11;9321;ENSG00000100815;0;1;0;0;0
TRIP4;9325;ENSG00000103671;0;1;0;0;0
TRUB2;26995;ENSG00000167112;0;1;0;0;0
TSC1;7248;ENSG00000165699;0;0;1;0;0
TSC2;7249;ENSG00000103197;0;0;1;1;0
TSG101;7251;ENSG00000074319;0;0;1;1;0
TSPAN3;10099;ENSG00000140391;0;1;0;0;0
TSR2;90121;ENSG00000158526;0;1;0;0;0
TTBK1;84630;ENSG00000146216;0;1;0;0;0
TTMP;79669;ENSG00000114529;0;1;0;0;0
TTN;7273;ENSG00000155657;0;1;0;0;0
TTR;7276;ENSG00000118271;0;1;1;0;0
TUBA1A;7846;ENSG00000167552;0;1;0;0;0
TUBB;203068;ENSG00000196230;0;1;0;0;0
TUBB3;10381;ENSG00000258947;0;1;0;0;0
TUFM;7284;ENSG00000178952;0;0;0;1;0
TWNK;56652;ENSG00000107815;0;1;0;0;0
TXLNB;167838;ENSG00000164440;0;1;0;0;0
UBA5;79876;ENSG00000081307;0;1;0;0;1
UBASH3B;84959;ENSG00000154127;0;0;0;1;0
UBC;7316;ENSG00000150991;0;1;0;0;0
UBD;10537;ENSG00000213886;0;1;0;0;0
UBE2D2;7322;ENSG00000131508;0;1;0;0;0
UBE2D3;7323;ENSG00000109332;0;1;0;0;0
UBE3A;7337;ENSG00000114062;0;1;0;0;0
UBE3C;9690;ENSG00000009335;0;1;0;0;1
UBQLN1;29979;ENSG00000135018;0;1;1;1;1
UBQLN2;29978;ENSG00000188021;0;1;1;0;0
UBQLN4;56893;ENSG00000160803;0;1;1;0;0
UBR4;23352;ENSG00000127481;0;0;0;0;1
UBTD1;80019;ENSG00000165886;0;1;0;0;0
UBXN1;51035;ENSG00000162191;0;1;0;0;0
UBXN6;80700;ENSG00000167671;0;0;0;0;1
UCA1;124900418;ENSG00000214049;0;0;1;0;0
UFC1;51506;ENSG00000143222;0;0;0;0;1
UFL1;23376;ENSG00000014123;0;1;0;0;1
UFM1;51569;ENSG00000120686;0;0;0;0;1
ULK1;8408;ENSG00000177169;1;1;1;1;1
ULK2;9706;ENSG00000083290;1;1;1;1;1
ULK3;25989;ENSG00000140474;0;0;1;1;0
UPF2;26019;ENSG00000151461;0;1;0;0;0
UROS;7390;ENSG00000188690;0;1;0;0;0
USP1;7398;ENSG00000162607;0;1;0;0;0
USP10;9100;ENSG00000103194;0;1;1;1;0
USP11;8237;ENSG00000102226;0;1;0;0;0
USP13;8975;ENSG00000058056;0;0;0;1;0
USP14;9097;ENSG00000101557;0;1;0;0;0
USP15;9958;ENSG00000135655;0;1;0;0;0
USP19;10869;ENSG00000172046;0;1;0;1;0
USP20;10868;ENSG00000136878;0;1;0;0;0
USP28;57646;ENSG00000048028;0;1;0;0;0
USP30;84749;ENSG00000135093;0;0;0;1;1
USP33;23032;ENSG00000077254;0;0;1;1;0
USP36;57602;ENSG00000055483;0;0;1;0;0
USP43;124739;ENSG00000154914;0;1;0;0;0
USP50;373509;ENSG00000170236;0;1;0;0;0
USP7;7874;ENSG00000187555;0;0;0;0;1
USP8;9101;ENSG00000138592;0;1;0;0;0
UVRAG;7405;ENSG00000198382;1;1;1;1;1
VAMP7;6845;ENSG00000124333;0;0;0;0;1
VAMP8;8673;ENSG00000118640;0;0;1;0;1
VANGL2;57216;ENSG00000162738;0;1;0;0;0
VAPA;9218;ENSG00000101558;0;1;0;0;0
VAPB;9217;ENSG00000124164;0;1;0;0;0
VASP;7408;ENSG00000125753;0;1;0;0;0
VCP;7415;ENSG00000165280;0;1;1;1;1
VDAC1;7416;ENSG00000213585;0;1;1;0;0
VDR;7421;ENSG00000111424;0;1;0;0;0
VHL;7428;ENSG00000134086;0;1;0;0;0
VIM;7431;ENSG00000026025;0;1;0;0;0
VIPAS39;63894;ENSG00000151445;0;0;0;0;1
VIRMA;25962;ENSG00000164944;0;1;0;0;0
VMP1;81671;ENSG00000062716;0;1;1;0;1
VPS11;55823;ENSG00000160695;0;1;1;0;0
VPS13A;23230;ENSG00000197969;0;0;0;1;1
VPS16;64601;ENSG00000215305;0;1;0;0;1
VPS18;57617;ENSG00000104142;0;1;0;0;0
VPS25;84313;ENSG00000131475;0;0;0;1;0
VPS28;51160;ENSG00000160948;0;0;0;1;0
VPS33A;65082;ENSG00000139719;0;1;0;0;1
VPS33B;26276;ENSG00000184056;0;1;0;0;1
VPS36;51028;ENSG00000136100;0;0;0;1;0
VPS37A;137492;ENSG00000155975;0;0;0;1;0
VPS37B;79720;ENSG00000139722;0;0;0;1;0
VPS37C;55048;ENSG00000167987;0;0;0;1;0
VPS37D;155382;ENSG00000176428;0;0;0;1;0
VPS39;23339;ENSG00000166887;0;1;0;1;1
VPS50;55610;ENSG00000004766;0;1;0;0;0
VPS51;738;ENSG00000149823;0;0;0;1;1
VPS9D1;9605;ENSG00000075399;0;1;0;0;0
VTI1A;143187;ENSG00000151532;0;0;0;1;1
VTI1B;10490;ENSG00000100568;0;0;1;0;1
VWCE;220001;ENSG00000167992;0;1;0;0;0
WAC;51322;ENSG00000095787;0;0;0;1;0
WAPL;23063;ENSG00000062650;0;1;0;0;0
WASHC1;100287171;ENSG00000181404;0;1;0;0;0
WASHC3;51019;ENSG00000120860;0;1;0;0;0
WBP4;11193;ENSG00000120688;0;1;0;0;0
WDFY2;115825;ENSG00000139668;0;1;0;0;0
WDFY3;23001;ENSG00000163625;0;1;1;0;1
WDR24;84219;ENSG00000127580;0;0;0;1;0
WDR41;55255;ENSG00000164253;0;1;1;0;0
WDR45;11152;ENSG00000196998;0;1;1;1;1
WDR45B;56270;ENSG00000141580;0;0;0;0;1
WDR48;57599;ENSG00000114742;0;1;0;0;0
WDR6;11180;ENSG00000178252;0;0;0;1;0
WDR77;79084;ENSG00000116455;0;1;0;0;0
WDR81;124997;ENSG00000167716;0;1;0;0;1
WIPI1;55062;ENSG00000070540;1;1;1;0;1
WIPI2;26100;ENSG00000157954;1;1;1;0;1
WSB2;55884;ENSG00000176871;0;1;0;0;0
WWOX;51741;ENSG00000186153;0;1;0;0;0
WWP2;11060;ENSG00000198373;0;1;0;0;0
XBP1;7494;ENSG00000100219;0;1;1;1;0
XIAP;331;ENSG00000101966;0;1;0;0;0
XPO1;7514;ENSG00000082898;0;1;0;1;0
XRCC3;7517;ENSG00000126215;0;1;0;0;0
YES1;7525;ENSG00000176105;0;1;0;0;0
YLPM1;56252;ENSG00000119596;0;1;0;0;0
YOD1;55432;ENSG00000180667;0;0;0;0;1
YPEL3;83719;ENSG00000090238;0;1;0;0;0
YTHDC1;91746;ENSG00000083896;0;1;0;0;0
YWHAB;7529;ENSG00000166913;0;1;0;0;0
YWHAE;7531;ENSG00000108953;0;1;0;0;0
YWHAG;7532;ENSG00000170027;0;1;0;0;0
YWHAH;7533;ENSG00000128245;0;1;0;0;0
YWHAQ;10971;ENSG00000134308;0;1;0;1;0
YWHAZ;7534;ENSG00000164924;0;1;0;0;0
ZBTB24;9841;ENSG00000112365;0;1;0;0;0
ZBTB42;100128927;ENSG00000179627;0;1;0;0;0
ZBTB44;29068;ENSG00000196323;0;1;0;0;0
ZC3H12A;80149;ENSG00000163874;0;0;0;1;0
ZCCHC10;54819;ENSG00000155329;0;1;0;0;0
ZDHHC12;84885;ENSG00000160446;0;1;0;0;1
ZDHHC19;131540;ENSG00000163958;0;0;0;0;1
ZFP36;7538;ENSG00000128016;0;1;0;0;0
ZFPL1;7542;ENSG00000162300;0;1;0;0;0
ZFYVE1;53349;ENSG00000165861;0;1;1;1;1
ZFYVE26;23503;ENSG00000072121;0;0;0;0;1
ZKSCAN3;80317;ENSG00000189298;0;1;1;1;0
ZNF24;7572;ENSG00000172466;0;1;0;0;0
ZNF414;84330;ENSG00000133250;0;1;0;0;0
ZNF460;10794;ENSG00000197714;0;1;0;0;0
ZNF581;51545;ENSG00000171425;0;1;0;0;0
ZNF620;253639;ENSG00000177842;0;1;0;0;0
ZRANB1;54764;ENSG00000019995;0;1;0;0;1
ZSCAN26;7741;ENSG00000197062;0;1;0;0;0
ZUP1;221302;ENSG00000153975;0;1;0;0;0
