NIPSNAP1	UniProtKB	Q9BPW8		GO:0000423	PMID:30982665	IDA		P	Protein NipSnap homolog 1		protein	NCBITaxon:9606	20240408	UniProt		UniProtKB:Q9BPW8
TRIM21	UniProtKB	P19474		GO:0000045	PMID:28890335	IDA		P	E3 ubiquitin-protein ligase TRIM21	RNF81|RO52|SSA1	protein	NCBITaxon:9606	20221209	UniProt		UniProtKB:P19474
ATG101	UniProtKB	Q9BSB4		GO:0000045	PMID:19225151	IDA		P	Autophagy-related protein 101	C12orf44|PP894	protein	NCBITaxon:9606	20250227	ComplexPortal		UniProtKB:Q9BSB4
ATG101	UniProtKB	Q9BSB4		GO:0000045	PMID:19597335	IMP		P	Autophagy-related protein 101	C12orf44|PP894	protein	NCBITaxon:9606	20090928	UniProt		UniProtKB:Q9BSB4
UVRAG	UniProtKB	Q9P2Y5		GO:0006914	PMID:24056303	IMP		P	UV radiation resistance-associated gene protein		protein	NCBITaxon:9606	20131105	CACAO		UniProtKB:Q9P2Y5
UVRAG	UniProtKB	Q9P2Y5		GO:0097352	PMID:28306502	IDA		P	UV radiation resistance-associated gene protein		protein	NCBITaxon:9606	20190321	UniProt		UniProtKB:Q9P2Y5
VAMP8	UniProtKB	Q9BV40		GO:0016240	PMID:25686604	IDA		P	Vesicle-associated membrane protein 8		protein	NCBITaxon:9606	20161116	GO_Central		UniProtKB:Q9BV40
VAMP8	UniProtKB	Q9BV40		GO:0097352	PMID:23217709	IMP		P	Vesicle-associated membrane protein 8		protein	NCBITaxon:9606	20130412	UniProt		UniProtKB:Q9BV40
TOM1	UniProtKB	O60784		GO:0061753	PMID:23023224	IMP		P	Target of Myb1 membrane trafficking protein		protein	NCBITaxon:9606	20220523	UniProt		UniProtKB:O60784
TOM1	UniProtKB	O60784		GO:0061909	PMID:23023224	IMP		P	Target of Myb1 membrane trafficking protein		protein	NCBITaxon:9606	20220523	UniProt		UniProtKB:O60784
UBR4	UniProtKB	Q5T4S7		GO:0071211	PMID:34893540	IDA		P	E3 ubiquitin-protein ligase UBR4	KIAA0462|KIAA1307|RBAF600	protein	NCBITaxon:9606	20240405	UniProt		UniProtKB:Q5T4S7
LAMP2	UniProtKB	P13473		GO:0061684	PMID:24880125	IMP		P	Lysosome-associated membrane glycoprotein 2		protein	NCBITaxon:9606	20161214	UniProt		UniProtKB:P13473
LAMP2	UniProtKB	P13473		GO:0061684	PMID:27628032	IMP		P	Lysosome-associated membrane glycoprotein 2		protein	NCBITaxon:9606	20161214	UniProt		UniProtKB:P13473
LAMP2	UniProtKB	P13473		GO:0061684	PMID:36586411	IDA		P	Lysosome-associated membrane glycoprotein 2		protein	NCBITaxon:9606	20230119	UniProt		UniProtKB:P13473
LAMP2	UniProtKB	P13473		GO:0061684	PMID:36586411	IDA		P	Lysosome-associated membrane glycoprotein 2		protein	NCBITaxon:9606	20230119	UniProt	GO:0030163|GO:1900226	UniProtKB:P13473-1
LAMP2	UniProtKB	P13473		GO:0061684	PMID:8662539	IMP		P	Lysosome-associated membrane glycoprotein 2		protein	NCBITaxon:9606	20151002	ParkinsonsUK-UCL		UniProtKB:P13473-1
LAMP2	UniProtKB	P13473		GO:0061740	PMID:27628032	IMP		P	Lysosome-associated membrane glycoprotein 2		protein	NCBITaxon:9606	20161214	UniProt		UniProtKB:P13473
NPC1	UniProtKB	O15118		GO:0006914	PMID:19074461	IGI	UniProtKB:P10636	P	NPC intracellular cholesterol transporter 1		protein	NCBITaxon:9606	20110119	MGI		UniProtKB:O15118
PEX5	UniProtKB	P50542		GO:0000425	PMID:27597759	IDA		P	Peroxisomal targeting signal 1 receptor	PXR1	protein	NCBITaxon:9606	20220825	UniProt		UniProtKB:P50542
PEX5	UniProtKB	P50542		GO:0000425	PMID:26344566	IDA		P	Peroxisomal targeting signal 1 receptor	PXR1	protein	NCBITaxon:9606	20220826	UniProt		UniProtKB:P50542
WDR81	UniProtKB	Q562E7		GO:0035973	PMID:28404643	IMP		P	WD repeat-containing protein 81		protein	NCBITaxon:9606	20170808	UniProt		UniProtKB:Q562E7
EP300	UniProtKB	Q09472		GO:0000045	PMID:28890335	IDA		P	Histone acetyltransferase p300	P300	protein	NCBITaxon:9606	20230605	UniProt		UniProtKB:Q09472
BNIP3	UniProtKB	Q12983		GO:0140506	PMID:22505714	IDA		F	BCL2/adenovirus E1B 19 kDa protein-interacting protein 3	NIP3	protein	NCBITaxon:9606	20240424	FlyBase		UniProtKB:Q12983
BNIP3	UniProtKB	Q12983		GO:0140580	PMID:22505714	IDA		F	BCL2/adenovirus E1B 19 kDa protein-interacting protein 3	NIP3	protein	NCBITaxon:9606	20240424	FlyBase		UniProtKB:Q12983
BNIP3	UniProtKB	Q12983		GO:0000423	PMID:22505714	IMP		P	BCL2/adenovirus E1B 19 kDa protein-interacting protein 3	NIP3	protein	NCBITaxon:9606	20240424	FlyBase		UniProtKB:Q12983
BNIP3	UniProtKB	Q12983		GO:0061709	PMID:22505714	IMP		P	BCL2/adenovirus E1B 19 kDa protein-interacting protein 3	NIP3	protein	NCBITaxon:9606	20240424	FlyBase		UniProtKB:Q12983
CHMP4B	UniProtKB	Q9H444		GO:0006914	PMID:17984323	IMP		P	Charged multivesicular body protein 4b	C20orf178|SHAX1	protein	NCBITaxon:9606	20250310	ComplexPortal		UniProtKB:Q9H444
CHMP4B	UniProtKB	Q9H444		GO:0006914	PMID:24095276	IMP		P	Charged multivesicular body protein 4b	C20orf178|SHAX1	protein	NCBITaxon:9606	20160119	ParkinsonsUK-UCL		UniProtKB:Q9H444
CHMP4B	UniProtKB	Q9H444		GO:0097352	PMID:17984323	IMP		P	Charged multivesicular body protein 4b	C20orf178|SHAX1	protein	NCBITaxon:9606	20250310	ComplexPortal		UniProtKB:Q9H444
CDKN2A	UniProtKB	Q8N726		GO:0000422	PMID:25217637	IMP		P	Tumor suppressor ARF	CDKN2|MLM	protein	NCBITaxon:9606	20150310	ParkinsonsUK-UCL	UniProtKB:O60260|UniProtKB:Q9BXM7|CL:0002608	UniProtKB:Q8N726-2
VPS13A	UniProtKB	Q96RL7		GO:0006914	PMID:25996471	IMP		P	Intermembrane lipid transfer protein VPS13A	CHAC|KIAA0986	protein	NCBITaxon:9606	20160512	dictyBase		UniProtKB:Q96RL7
HDAC10	UniProtKB	Q969S8		GO:0016236	PMID:23801752	IMP		P	Polyamine deacetylase HDAC10		protein	NCBITaxon:9606	20181108	UniProt		UniProtKB:Q969S8
ANXA7	UniProtKB	P20073		GO:0006914	PMID:24007983	IMP		P	Annexin A7	ANX7|SNX|OK/SW-cl.95	protein	NCBITaxon:9606	20140425	UniProt		UniProtKB:P20073
USP7	UniProtKB	Q93009		GO:0000045	PMID:28890335	IDA		P	Ubiquitin carboxyl-terminal hydrolase 7	HAUSP	protein	NCBITaxon:9606	20230621	UniProt		UniProtKB:Q93009
CLU	UniProtKB	P10909		GO:0061740	PMID:9228033	IDA		P	Clusterin	APOJ|CLI|KUB1|AAG4	protein	NCBITaxon:9606	20210415	ARUK-UCL	UniProtKB:P05067-PRO_0000000093	UniProtKB:P10909
VPS16	UniProtKB	Q9H269		GO:0097352	PMID:25783203	IMP		P	Vacuolar protein sorting-associated protein 16 homolog		protein	NCBITaxon:9606	20150623	UniProt		UniProtKB:Q9H269
TIMM23	UniProtKB	O14925		GO:0061734	PMID:37160114	IMP		P	Mitochondrial import inner membrane translocase subunit Tim23	TIM23	protein	NCBITaxon:9606	20240705	UniProt		UniProtKB:O14925
TRAPPC4	UniProtKB	Q9Y296		GO:0006914	PMID:31794024	IMP		P	Trafficking protein particle complex subunit 4	SBDN|CGI-104|HSPC172|PTD009	protein	NCBITaxon:9606	20200403	UniProt		UniProtKB:Q9Y296
PLAA	UniProtKB	Q9Y263		GO:0016236	PMID:27753622	IMP		P	Phospholipase A-2-activating protein	PLAP	protein	NCBITaxon:9606	20170530	UniProt		UniProtKB:Q9Y263
HDAC6	UniProtKB	Q9UBN7		GO:0035973	PMID:17580304	IDA		P	Protein deacetylase HDAC6	KIAA0901|JM21	protein	NCBITaxon:9606	20231110	UniProt		UniProtKB:Q9UBN7
HDAC6	UniProtKB	Q9UBN7		GO:0035973	PMID:22017874	IDA		P	Protein deacetylase HDAC6	KIAA0901|JM21	protein	NCBITaxon:9606	20231110	UniProt		UniProtKB:Q9UBN7
HDAC6	UniProtKB	Q9UBN7		GO:0035973	PMID:31857589	IDA		P	Protein deacetylase HDAC6	KIAA0901|JM21	protein	NCBITaxon:9606	20231110	UniProt		UniProtKB:Q9UBN7
HDAC6	UniProtKB	Q9UBN7		GO:0071211	PMID:37802024	IDA		P	Protein deacetylase HDAC6	KIAA0901|JM21	protein	NCBITaxon:9606	20231110	UniProt		UniProtKB:Q9UBN7
HDAC6	UniProtKB	Q9UBN7		GO:0061734	PMID:20457763	IGI	UniProtKB:Q9JK66|UniProtKB:Q9Z2V5	P	Protein deacetylase HDAC6	KIAA0901|JM21	protein	NCBITaxon:9606	20170124	ParkinsonsUK-UCL		UniProtKB:Q9UBN7
VTI1A	UniProtKB	Q96AJ9		GO:0006914	PMID:24095276	IMP		P	Vesicle transport through interaction with t-SNAREs homolog 1A		protein	NCBITaxon:9606	20160119	ParkinsonsUK-UCL		UniProtKB:Q96AJ9
TEX264	UniProtKB	Q9Y6I9		GO:0061709	PMID:31006538	IDA		P	Testis-expressed protein 264	ZSIG11|UNQ337/PRO536	protein	NCBITaxon:9606	20200408	MGI		UniProtKB:Q9Y6I9
TEX264	UniProtKB	Q9Y6I9		GO:0061709	PMID:31006537	IMP		P	Testis-expressed protein 264	ZSIG11|UNQ337/PRO536	protein	NCBITaxon:9606	20190523	GO_Central		UniProtKB:Q9Y6I9
TEX264	UniProtKB	Q9Y6I9		GO:0061709	PMID:31006538	IMP		P	Testis-expressed protein 264	ZSIG11|UNQ337/PRO536	protein	NCBITaxon:9606	20190523	GO_Central		UniProtKB:Q9Y6I9
S100A9	UniProtKB	P06702		GO:0006914	PMID:19935772	IDA		P	Protein S100-A9	CAGB|CFAG|MRP14	protein	NCBITaxon:9606	20120919	UniProt		UniProtKB:P06702
SPART	UniProtKB	Q8N0X7		GO:0061724	PMID:37443287	IMP		P	Spartin	KIAA0610|SPG20|TAHCCP1	protein	NCBITaxon:9606	20240617	UniProt		UniProtKB:Q8N0X7
SPART	UniProtKB	Q8N0X7		GO:0061724	PMID:38190532	IMP		P	Spartin	KIAA0610|SPG20|TAHCCP1	protein	NCBITaxon:9606	20240617	UniProt		UniProtKB:Q8N0X7
RPTOR	UniProtKB	Q8N122		GO:0000045	PMID:28890335	IDA		P	Regulatory-associated protein of mTOR	KIAA1303|RAPTOR	protein	NCBITaxon:9606	20230605	UniProt		UniProtKB:Q8N122
IRGQ	UniProtKB	Q8WZA9		GO:0061753	PMID:39481378	IDA		P	Immunity-related GTPase family Q protein	IRGQ1|FKSG27	protein	NCBITaxon:9606	20241128	UniProt		UniProtKB:Q8WZA9
CSNK2A1	UniProtKB	P68400		GO:0035973	PMID:17580304	IDA		P	Casein kinase II subunit alpha	CK2A1	protein	NCBITaxon:9606	20231110	UniProt		UniProtKB:P68400
CSNK2A1	UniProtKB	P68400		GO:0035973	PMID:22017874	IDA		P	Casein kinase II subunit alpha	CK2A1	protein	NCBITaxon:9606	20231110	UniProt		UniProtKB:P68400
CSNK2A1	UniProtKB	P68400		GO:0035973	PMID:31857589	IDA		P	Casein kinase II subunit alpha	CK2A1	protein	NCBITaxon:9606	20231110	UniProt		UniProtKB:P68400
CSNK2A1	UniProtKB	P68400		GO:0071211	PMID:37802024	IDA		P	Casein kinase II subunit alpha	CK2A1	protein	NCBITaxon:9606	20231110	UniProt		UniProtKB:P68400
SYK	UniProtKB	P43405		GO:0000045	PMID:28890335	IDA		P	Tyrosine-protein kinase SYK		protein	NCBITaxon:9606	20230621	UniProt		UniProtKB:P43405
ATG16L1	UniProtKB	Q676U5		GO:0000045	PMID:23202584	IDA		P	Autophagy-related protein 16-1	APG16L|UNQ9393/PRO34307	protein	NCBITaxon:9606	20230531	UniProt		UniProtKB:Q676U5
ATG16L1	UniProtKB	Q676U5		GO:0000045	PMID:30778222	IMP		P	Autophagy-related protein 16-1	APG16L|UNQ9393/PRO34307	protein	NCBITaxon:9606	20230525	UniProt		UniProtKB:Q676U5
ATG16L1	UniProtKB	Q676U5		GO:0016236	PMID:29317426	IDA		P	Autophagy-related protein 16-1	APG16L|UNQ9393/PRO34307	protein	NCBITaxon:9606	20210916	UniProt		UniProtKB:Q676U5
ATG16L1	UniProtKB	Q676U5		GO:0016236	PMID:33586810	IDA		P	Autophagy-related protein 16-1	APG16L|UNQ9393/PRO34307	protein	NCBITaxon:9606	20210916	UniProt		UniProtKB:Q676U5
ATG16L1	UniProtKB	Q676U5		GO:0016237	PMID:29317426	IDA		P	Autophagy-related protein 16-1	APG16L|UNQ9393/PRO34307	protein	NCBITaxon:9606	20210916	UniProt		UniProtKB:Q676U5
ATG16L1	UniProtKB	Q676U5		GO:0016237	PMID:33586810	IDA		P	Autophagy-related protein 16-1	APG16L|UNQ9393/PRO34307	protein	NCBITaxon:9606	20210916	UniProt		UniProtKB:Q676U5
ATG16L1	UniProtKB	Q676U5		GO:0034497	PMID:32960676	IMP		P	Autophagy-related protein 16-1	APG16L|UNQ9393/PRO34307	protein	NCBITaxon:9606	20250123	UniProt		UniProtKB:Q676U5
PEX12	UniProtKB	O00623		GO:0000425	PMID:26344566	IDA		P	Peroxisome assembly protein 12	PAF3	protein	NCBITaxon:9606	20220825	UniProt		UniProtKB:O00623
PEX12	UniProtKB	O00623		GO:0000425	PMID:26344566	IDA		P	Peroxisome assembly protein 12	PAF3	protein	NCBITaxon:9606	20220825	UniProt	GO:0034614	UniProtKB:O00623
PEX12	UniProtKB	O00623		GO:0000425	PMID:27597759	IDA		P	Peroxisome assembly protein 12	PAF3	protein	NCBITaxon:9606	20220825	UniProt		UniProtKB:O00623
ATP2A2	UniProtKB	P16615		GO:0000045	PMID:28890335	IDA		P	Sarcoplasmic/endoplasmic reticulum calcium ATPase 2	ATP2B	protein	NCBITaxon:9606	20201214	UniProt		UniProtKB:P16615
ATP2A2	UniProtKB	P16615		GO:0016240	PMID:28890335	IDA		P	Sarcoplasmic/endoplasmic reticulum calcium ATPase 2	ATP2B	protein	NCBITaxon:9606	20201216	UniProt		UniProtKB:P16615
ZDHHC19	UniProtKB	Q8WVZ1		GO:0035973	PMID:17580304	IDA		P	Palmitoyltransferase ZDHHC19		protein	NCBITaxon:9606	20231110	UniProt		UniProtKB:Q8WVZ1
ZDHHC19	UniProtKB	Q8WVZ1		GO:0071211	PMID:37802024	IDA		P	Palmitoyltransferase ZDHHC19		protein	NCBITaxon:9606	20231110	UniProt		UniProtKB:Q8WVZ1
KAT5	UniProtKB	Q92993		GO:0035973	PMID:17580304	IDA		P	Histone acetyltransferase KAT5	HTATIP|TIP60	protein	NCBITaxon:9606	20231110	UniProt		UniProtKB:Q92993
KAT5	UniProtKB	Q92993		GO:0035973	PMID:22017874	IDA		P	Histone acetyltransferase KAT5	HTATIP|TIP60	protein	NCBITaxon:9606	20231110	UniProt		UniProtKB:Q92993
KAT5	UniProtKB	Q92993		GO:0035973	PMID:31857589	IDA		P	Histone acetyltransferase KAT5	HTATIP|TIP60	protein	NCBITaxon:9606	20231110	UniProt		UniProtKB:Q92993
KAT5	UniProtKB	Q92993		GO:0071211	PMID:37802024	IDA		P	Histone acetyltransferase KAT5	HTATIP|TIP60	protein	NCBITaxon:9606	20231110	UniProt		UniProtKB:Q92993
WDFY3	UniProtKB	Q8IZQ1		GO:0035973	PMID:20168092	IMP		P	WD repeat and FYVE domain-containing protein 3	KIAA0993	protein	NCBITaxon:9606	20160420	GO_Central		UniProtKB:Q8IZQ1
WDFY3	UniProtKB	Q8IZQ1		GO:0035973	PMID:20417604	IMP		P	WD repeat and FYVE domain-containing protein 3	KIAA0993	protein	NCBITaxon:9606	20140605	UniProt		UniProtKB:Q8IZQ1
UFL1	UniProtKB	O94874		GO:0061709	PMID:32160526	IDA		P	E3 UFM1-protein ligase 1	KIAA0776|MAXER|NLBP|RCAD	protein	NCBITaxon:9606	20200526	UniProt		UniProtKB:O94874
ATG12	UniProtKB	O94817		GO:0016236	PMID:25484072	IMP		P	Ubiquitin-like protein ATG12	APG12|APG12L	protein	NCBITaxon:9606	20250127	ComplexPortal		UniProtKB:O94817
PHB2	UniProtKB	Q99623		GO:0000423	PMID:28017329	IDA		P	Prohibitin-2	BAP|REA	protein	NCBITaxon:9606	20200422	UniProt		UniProtKB:Q99623
UBE3C	UniProtKB	Q15386		GO:0000045	PMID:33637724	IDA		P	Ubiquitin-protein ligase E3C	KIAA0010|KIAA10	protein	NCBITaxon:9606	20210730	UniProt		UniProtKB:Q15386-3
RHEB	UniProtKB	Q15382		GO:0000045	PMID:28890335	IDA		P	GTP-binding protein Rheb	RHEB2	protein	NCBITaxon:9606	20230605	UniProt		UniProtKB:Q15382
ULK2	UniProtKB	Q8IYT8		GO:0006914	PMID:18936157	IDA		P	Serine/threonine-protein kinase ULK2	KIAA0623	protein	NCBITaxon:9606	20170308	GO_Central		UniProtKB:Q8IYT8
ULK2	UniProtKB	Q8IYT8		GO:0006914	PMID:28389568	IGI	UniProtKB:O75385	P	Serine/threonine-protein kinase ULK2	KIAA0623	protein	NCBITaxon:9606	20210621	UniProt	GO:0098586	UniProtKB:Q8IYT8
MFN2	UniProtKB	O95140		GO:0034497	PMID:23455425	IDA		P	Mitofusin-2	CPRP1|KIAA0214	protein	NCBITaxon:9606	20140707	MGI		UniProtKB:O95140
LRBA	UniProtKB	P50851		GO:0000423	PMID:33773106	IMP		P	Lipopolysaccharide-responsive and beige-like anchor protein	BGL|CDC4L|LBA	protein	NCBITaxon:9606	20210916	UniProt		UniProtKB:P50851
LRBA	UniProtKB	P50851		GO:0034497	PMID:33773106	IMP		P	Lipopolysaccharide-responsive and beige-like anchor protein	BGL|CDC4L|LBA	protein	NCBITaxon:9606	20210916	UniProt		UniProtKB:P50851
ATG2A	UniProtKB	Q2TAZ0		GO:0000045	PMID:28561066	IMP		P	Autophagy-related protein 2 homolog A	KIAA0404	protein	NCBITaxon:9606	20181010	UniProt		UniProtKB:Q2TAZ0
ATG2A	UniProtKB	Q2TAZ0		GO:0000045	PMID:28561066	IMP		P	Autophagy-related protein 2 homolog A	KIAA0404	protein	NCBITaxon:9606	20230602	UniProt		UniProtKB:Q2TAZ0-5
ATG4A	UniProtKB	Q8WYN0		GO:0000045	PMID:21177865	IDA		P	Cysteine protease ATG4A	APG4A|AUTL2	protein	NCBITaxon:9606	20230608	UniProt		UniProtKB:Q8WYN0
ATG4A	UniProtKB	Q8WYN0		GO:0006914	PMID:30661429	IDA		P	Cysteine protease ATG4A	APG4A|AUTL2	protein	NCBITaxon:9606	20210916	UniProt		UniProtKB:Q8WYN0
ARFIP2	UniProtKB	P53365		GO:0000423	PMID:33773106	IMP		P	Arfaptin-2	POR1	protein	NCBITaxon:9606	20210916	UniProt		UniProtKB:P53365
ARFIP2	UniProtKB	P53365		GO:0034497	PMID:33773106	IMP		P	Arfaptin-2	POR1	protein	NCBITaxon:9606	20210916	UniProt		UniProtKB:P53365
TBC1D5	UniProtKB	Q92609		GO:0006914	PMID:22354992	IDA		P	TBC1 domain family member 5	KIAA0210	protein	NCBITaxon:9606	20170308	GO_Central		UniProtKB:Q92609
TBC1D5	UniProtKB	Q92609		GO:0016236	PMID:24603492	IMP		P	TBC1 domain family member 5	KIAA0210	protein	NCBITaxon:9606	20170131	ParkinsonsUK-UCL		UniProtKB:Q92609
STX17	UniProtKB	P56962		GO:0034497	PMID:23455425	IDA		P	Syntaxin-17		protein	NCBITaxon:9606	20140707	MGI		UniProtKB:P56962
STX17	UniProtKB	P56962		GO:0061909	PMID:23217709	IDA		P	Syntaxin-17		protein	NCBITaxon:9606	20250225	UniProt		UniProtKB:P56962
STX17	UniProtKB	P56962		GO:0016240	PMID:25686604	IDA		P	Syntaxin-17		protein	NCBITaxon:9606	20161116	GO_Central		UniProtKB:P56962
STX17	UniProtKB	P56962		GO:0061909	PMID:37821429	IDA		P	Syntaxin-17		protein	NCBITaxon:9606	20250226	UniProt		UniProtKB:P56962
STX17	UniProtKB	P56962		GO:0097352	PMID:23217709	IMP		P	Syntaxin-17		protein	NCBITaxon:9606	20130412	UniProt		UniProtKB:P56962
STX17	UniProtKB	P56962		GO:0097352	PMID:24554770	IMP		P	Syntaxin-17		protein	NCBITaxon:9606	20150623	UniProt		UniProtKB:P56962
STX17	UniProtKB	P56962		GO:0097352	PMID:28306502	IDA		P	Syntaxin-17		protein	NCBITaxon:9606	20190321	UniProt		UniProtKB:P56962
PEX2	UniProtKB	P28328		GO:0000425	PMID:26344566	IDA		P	Peroxisome biogenesis factor 2	PAF1|PMP3|PMP35|PXMP3|RNF72	protein	NCBITaxon:9606	20220825	UniProt		UniProtKB:P28328
PEX2	UniProtKB	P28328		GO:0000425	PMID:26344566	IDA		P	Peroxisome biogenesis factor 2	PAF1|PMP3|PMP35|PXMP3|RNF72	protein	NCBITaxon:9606	20220825	UniProt	GO:0034614	UniProtKB:P28328
PEX2	UniProtKB	P28328		GO:0000425	PMID:27597759	IDA		P	Peroxisome biogenesis factor 2	PAF1|PMP3|PMP35|PXMP3|RNF72	protein	NCBITaxon:9606	20220817	UniProt		UniProtKB:P28328
FUNDC1	UniProtKB	Q8IVP5		GO:0000422	PMID:22267086	IGI	UniProtKB:Q9H492	P	FUN14 domain-containing protein 1		protein	NCBITaxon:9606	20120727	MGI		UniProtKB:Q8IVP5
FUNDC1	UniProtKB	Q8IVP5		GO:0000422	PMID:22267086	IMP		P	FUN14 domain-containing protein 1		protein	NCBITaxon:9606	20120727	MGI		UniProtKB:Q8IVP5
FUNDC1	UniProtKB	Q8IVP5		GO:0000422	PMID:22267086	IDA		P	FUN14 domain-containing protein 1		protein	NCBITaxon:9606	20120228	UniProt		UniProtKB:Q8IVP5
FUNDC1	UniProtKB	Q8IVP5		GO:0000423	PMID:34244144	IGI	UniProtKB:P09936	P	FUN14 domain-containing protein 1		protein	NCBITaxon:9606	20240202	FlyBase		UniProtKB:Q8IVP5
SETD2	UniProtKB	Q9BYW2		GO:0000045	PMID:28890335	IDA		P	Histone-lysine N-methyltransferase SETD2	HIF1|HYPB|KIAA1732|KMT3A|SET2|HSPC069	protein	NCBITaxon:9606	20221209	UniProt		UniProtKB:Q9BYW2
ACBD5	UniProtKB	Q5T8D3		GO:0000425	PMID:24535825	IMP		P	Acyl-CoA-binding domain-containing protein 5	KIAA1996	protein	NCBITaxon:9606	20231002	UniProt		UniProtKB:Q5T8D3
CHMP4A	UniProtKB	Q9BY43		GO:0006914	PMID:17984323	IMP		P	Charged multivesicular body protein 4a	C14orf123|SHAX2|CDA04|HSPC134	protein	NCBITaxon:9606	20250310	ComplexPortal		UniProtKB:Q9BY43
CHMP4A	UniProtKB	Q9BY43		GO:0097352	PMID:17984323	IMP		P	Charged multivesicular body protein 4a	C14orf123|SHAX2|CDA04|HSPC134	protein	NCBITaxon:9606	20250310	ComplexPortal		UniProtKB:Q9BY43
UBXN6	UniProtKB	Q9BZV1		GO:0016236	PMID:27753622	IMP		P	UBX domain-containing protein 6	UBXD1|UBXDC2	protein	NCBITaxon:9606	20170530	UniProt		UniProtKB:Q9BZV1
RB1CC1	UniProtKB	Q8TDY2		GO:0000045	PMID:23202584	IDA		P	RB1-inducible coiled-coil protein 1	KIAA0203|RBICC	protein	NCBITaxon:9606	20230531	UniProt		UniProtKB:Q8TDY2-1
RB1CC1	UniProtKB	Q8TDY2		GO:0000045	PMID:30778222	IMP		P	RB1-inducible coiled-coil protein 1	KIAA0203|RBICC	protein	NCBITaxon:9606	20230525	UniProt		UniProtKB:Q8TDY2-1
RB1CC1	UniProtKB	Q8TDY2		GO:0000045	PMID:19225151	IDA		P	RB1-inducible coiled-coil protein 1	KIAA0203|RBICC	protein	NCBITaxon:9606	20250227	ComplexPortal		UniProtKB:Q8TDY2
RB1CC1	UniProtKB	Q8TDY2		GO:0000045	PMID:23392225	IDA		P	RB1-inducible coiled-coil protein 1	KIAA0203|RBICC	protein	NCBITaxon:9606	20230511	UniProt		UniProtKB:Q8TDY2-1
RB1CC1	UniProtKB	Q8TDY2		GO:0000045	PMID:28890335	IDA		P	RB1-inducible coiled-coil protein 1	KIAA0203|RBICC	protein	NCBITaxon:9606	20201214	UniProt		UniProtKB:Q8TDY2
TP53INP2	UniProtKB	Q8IXH6		GO:0000045	PMID:19056683	IDA		P	Tumor protein p53-inducible nuclear protein 2	C20orf110|DOR|PINH	protein	NCBITaxon:9606	20170307	GO_Central		UniProtKB:Q8IXH6
PINK1	UniProtKB	Q9BXM7		GO:0000422	PMID:20798600	IMP		P	Serine/threonine-protein kinase PINK1, mitochondrial		protein	NCBITaxon:9606	20101122	UniProt		UniProtKB:Q9BXM7
PINK1	UniProtKB	Q9BXM7		GO:0000422	PMID:23933751	IMP		P	Serine/threonine-protein kinase PINK1, mitochondrial		protein	NCBITaxon:9606	20140203	UniProt		UniProtKB:Q9BXM7
PINK1	UniProtKB	Q9BXM7		GO:0000422	PMID:24896179	IMP		P	Serine/threonine-protein kinase PINK1, mitochondrial		protein	NCBITaxon:9606	20140701	UniProt		UniProtKB:Q9BXM7
PINK1	UniProtKB	Q9BXM7		GO:0000423	PMID:33406421	IGI	UniProtKB:Q8CGY8	P	Serine/threonine-protein kinase PINK1, mitochondrial		protein	NCBITaxon:9606	20211215	ARUK-UCL		UniProtKB:Q9BXM7
PINK1	UniProtKB	Q9BXM7		GO:0000423	PMID:38081847	IDA		P	Serine/threonine-protein kinase PINK1, mitochondrial		protein	NCBITaxon:9606	20231218	UniProt		UniProtKB:Q9BXM7
IRGM	UniProtKB	A1A4Y4		GO:0000045	PMID:28890335	IDA		P	Immunity-related GTPase family M protein	IFI1|IRGM1|LRG47	protein	NCBITaxon:9606	20230117	UniProt		UniProtKB:A1A4Y4
IRGM	UniProtKB	A1A4Y4		GO:0006914	PMID:25891078	IDA		P	Immunity-related GTPase family M protein	IFI1|IRGM1|LRG47	protein	NCBITaxon:9606	20230117	UniProt		UniProtKB:A1A4Y4
IRGM	UniProtKB	A1A4Y4		GO:0071211	PMID:36221902	IDA		P	Immunity-related GTPase family M protein	IFI1|IRGM1|LRG47	protein	NCBITaxon:9606	20230119	UniProt	UniProtKB:O43353	UniProtKB:A1A4Y4
IRGM	UniProtKB	A1A4Y4		GO:0000045	PMID:16888103	IMP		P	Immunity-related GTPase family M protein	IFI1|IRGM1|LRG47	protein	NCBITaxon:9606	20170426	UniProt	CL:0000235	UniProtKB:A1A4Y4
IRGM	UniProtKB	A1A4Y4		GO:0061739	PMID:28389568	IMP		P	Immunity-related GTPase family M protein	IFI1|IRGM1|LRG47	protein	NCBITaxon:9606	20170427	UniProt		UniProtKB:A1A4Y4
IRGM	UniProtKB	A1A4Y4		GO:0071211	PMID:29420192	IDA		P	Immunity-related GTPase family M protein	IFI1|IRGM1|LRG47	protein	NCBITaxon:9606	20230117	UniProt	UniProtKB:P56962	UniProtKB:A1A4Y4
VTI1B	UniProtKB	Q9UEU0	not	GO:0097352	PMID:23217709	IMP		P	Vesicle transport through interaction with t-SNAREs homolog 1B	VTI1|VTI1L|VTI1L1|VTI2	protein	NCBITaxon:9606	20130412	UniProt		UniProtKB:Q9UEU0
TRIM17	UniProtKB	Q9Y577		GO:0006914	PMID:25127057	IDA		P	E3 ubiquitin-protein ligase TRIM17	RBCC|RNF16|TERF	protein	NCBITaxon:9606	20150715	UniProt		UniProtKB:Q9Y577
WIPI2	UniProtKB	Q9Y4P8	not	GO:0097352	PMID:20505359	IMP		P	WD repeat domain phosphoinositide-interacting protein 2	CGI-50	protein	NCBITaxon:9606	20101108	UniProt		UniProtKB:Q9Y4P8
WIPI2	UniProtKB	Q9Y4P8		GO:0000045	PMID:20505359	IMP		P	WD repeat domain phosphoinositide-interacting protein 2	CGI-50	protein	NCBITaxon:9606	20101108	UniProt		UniProtKB:Q9Y4P8
WIPI2	UniProtKB	Q9Y4P8		GO:0000045	PMID:28561066	IMP		P	WD repeat domain phosphoinositide-interacting protein 2	CGI-50	protein	NCBITaxon:9606	20181010	UniProt		UniProtKB:Q9Y4P8
WIPI2	UniProtKB	Q9Y4P8		GO:0000045	PMID:28890335	IDA		P	WD repeat domain phosphoinositide-interacting protein 2	CGI-50	protein	NCBITaxon:9606	20201214	UniProt		UniProtKB:Q9Y4P8
WIPI2	UniProtKB	Q9Y4P8		GO:0034497	PMID:28561066	IMP		P	WD repeat domain phosphoinositide-interacting protein 2	CGI-50	protein	NCBITaxon:9606	20181011	UniProt		UniProtKB:Q9Y4P8
ATG4B	UniProtKB	Q9Y4P1		GO:0000045	PMID:24290141	IMP		P	Cysteine protease ATG4B	APG4B|AUTL1|KIAA0943	protein	NCBITaxon:9606	20230530	UniProt		UniProtKB:Q9Y4P1
ATG4B	UniProtKB	Q9Y4P1		GO:0000045	PMID:21177865	IDA		P	Cysteine protease ATG4B	APG4B|AUTL1|KIAA0943	protein	NCBITaxon:9606	20230608	UniProt		UniProtKB:Q9Y4P1
ATG4B	UniProtKB	Q9Y4P1		GO:0000423	PMID:33773106	IMP		P	Cysteine protease ATG4B	APG4B|AUTL1|KIAA0943	protein	NCBITaxon:9606	20210908	UniProt		UniProtKB:Q9Y4P1
ATG4B	UniProtKB	Q9Y4P1		GO:0006914	PMID:18387192	IDA		P	Cysteine protease ATG4B	APG4B|AUTL1|KIAA0943	protein	NCBITaxon:9606	20160126	BHF-UCL		UniProtKB:Q9Y4P1
ATG4B	UniProtKB	Q9Y4P1		GO:0006914	PMID:26378241	IDA		P	Cysteine protease ATG4B	APG4B|AUTL1|KIAA0943	protein	NCBITaxon:9606	20210908	UniProt		UniProtKB:Q9Y4P1
ATG4B	UniProtKB	Q9Y4P1		GO:0006914	PMID:27527864	IDA		P	Cysteine protease ATG4B	APG4B|AUTL1|KIAA0943	protein	NCBITaxon:9606	20210908	UniProt		UniProtKB:Q9Y4P1
ATG4B	UniProtKB	Q9Y4P1		GO:0006914	PMID:28821708	IDA		P	Cysteine protease ATG4B	APG4B|AUTL1|KIAA0943	protein	NCBITaxon:9606	20210908	UniProt		UniProtKB:Q9Y4P1
ATG4B	UniProtKB	Q9Y4P1		GO:0016237	PMID:33909989	IDA		P	Cysteine protease ATG4B	APG4B|AUTL1|KIAA0943	protein	NCBITaxon:9606	20210908	UniProt		UniProtKB:Q9Y4P1
ATG4B	UniProtKB	Q9Y4P1		GO:0034497	PMID:33773106	IMP		P	Cysteine protease ATG4B	APG4B|AUTL1|KIAA0943	protein	NCBITaxon:9606	20210908	UniProt		UniProtKB:Q9Y4P1
VAMP7	UniProtKB	P51809	not	GO:0097352	PMID:23217709	IMP		P	Vesicle-associated membrane protein 7	SYBL1	protein	NCBITaxon:9606	20130412	UniProt		UniProtKB:P51809
CHEK2	UniProtKB	O96017		GO:0000045	PMID:22170151	IMP		P	Serine/threonine-protein kinase Chk2	CDS1|CHK2|RAD53	protein	NCBITaxon:9606	20231124	UniProt		UniProtKB:O96017
CHEK2	UniProtKB	O96017		GO:0000045	PMID:37943659	IDA		P	Serine/threonine-protein kinase Chk2	CDS1|CHK2|RAD53	protein	NCBITaxon:9606	20231123	UniProt	GO:0033554	UniProtKB:O96017
CHEK2	UniProtKB	O96017		GO:0000045	PMID:37943659	IDA		P	Serine/threonine-protein kinase Chk2	CDS1|CHK2|RAD53	protein	NCBITaxon:9606	20231124	UniProt		UniProtKB:O96017
CALM1	UniProtKB	P0DP23		GO:0016240	PMID:28890335	IDA		P	Calmodulin-1	CALM|CAM|CAM1	protein	NCBITaxon:9606	20201216	UniProt		UniProtKB:P0DP23
C9orf72	UniProtKB	Q96LT7		GO:0006914	PMID:24549040	IMP		P	Guanine nucleotide exchange factor C9orf72	DENND9|DENNL72	protein	NCBITaxon:9606	20140307	UniProt		UniProtKB:Q96LT7
C9orf72	UniProtKB	Q96LT7		GO:0061909	PMID:37821429	IMP		P	Guanine nucleotide exchange factor C9orf72	DENND9|DENNL72	protein	NCBITaxon:9606	20250226	UniProt		UniProtKB:Q96LT7
CHMP2B	UniProtKB	Q9UQN3		GO:0006914	PMID:17984323	IMP		P	Charged multivesicular body protein 2b	CGI-84	protein	NCBITaxon:9606	20250310	ComplexPortal		UniProtKB:Q9UQN3
CHMP2B	UniProtKB	Q9UQN3		GO:0097352	PMID:17984323	IMP		P	Charged multivesicular body protein 2b	CGI-84	protein	NCBITaxon:9606	20250310	ComplexPortal		UniProtKB:Q9UQN3
ATG3	UniProtKB	Q9NT62		GO:0000045	PMID:33446636	IMP		P	Ubiquitin-like-conjugating enzyme ATG3	APG3|APG3L	protein	NCBITaxon:9606	20230531	UniProt		UniProtKB:Q9NT62
ATG4C	UniProtKB	Q96DT6		GO:0000045	PMID:24290141	IMP		P	Cysteine protease ATG4C	APG4C|AUTL1|AUTL3	protein	NCBITaxon:9606	20230530	UniProt		UniProtKB:Q96DT6
ATG4C	UniProtKB	Q96DT6		GO:0000045	PMID:21177865	IDA		P	Cysteine protease ATG4C	APG4C|AUTL1|AUTL3	protein	NCBITaxon:9606	20230608	UniProt		UniProtKB:Q96DT6
ATG4C	UniProtKB	Q96DT6		GO:0006914	PMID:30661429	IDA		P	Cysteine protease ATG4C	APG4C|AUTL1|AUTL3	protein	NCBITaxon:9606	20210916	UniProt		UniProtKB:Q96DT6
OMA1	UniProtKB	Q96E52		GO:0000423	PMID:38340717	IDA		P	Metalloendopeptidase OMA1, mitochondrial	MPRP1	protein	NCBITaxon:9606	20240408	UniProt		UniProtKB:Q96E52
MAPK3	UniProtKB	P27361		GO:0000045	PMID:28890335	IDA		P	Mitogen-activated protein kinase 3	ERK1|PRKM3	protein	NCBITaxon:9606	20230621	UniProt		UniProtKB:P27361
SNX14	UniProtKB	Q9Y5W7		GO:0097352	PMID:25848753	IMP		P	Sorting nexin-14		protein	NCBITaxon:9606	20150521	UniProt		UniProtKB:Q9Y5W7
AUP1	UniProtKB	Q9Y679		GO:0061724	PMID:29902443	IMP		P	Lipid droplet-regulating VLDL assembly factor AUP1		protein	NCBITaxon:9606	20200529	UniProt		UniProtKB:Q9Y679
TRAF6	UniProtKB	Q9Y4K3		GO:0000045	PMID:20713597	IDA		P	TNF receptor-associated factor 6	RNF85	protein	NCBITaxon:9606	20230525	UniProt		UniProtKB:Q9Y4K3
TRAF6	UniProtKB	Q9Y4K3		GO:0000045	PMID:23202584	IDA		P	TNF receptor-associated factor 6	RNF85	protein	NCBITaxon:9606	20230531	UniProt		UniProtKB:Q9Y4K3
TRAF6	UniProtKB	Q9Y4K3		GO:0000045	PMID:23392225	IDA		P	TNF receptor-associated factor 6	RNF85	protein	NCBITaxon:9606	20230511	UniProt		UniProtKB:Q9Y4K3
TRAF6	UniProtKB	Q9Y4K3		GO:0000045	PMID:25891078	IDA		P	TNF receptor-associated factor 6	RNF85	protein	NCBITaxon:9606	20230525	UniProt		UniProtKB:Q9Y4K3
TRAF6	UniProtKB	Q9Y4K3		GO:0000045	PMID:28890335	IDA		P	TNF receptor-associated factor 6	RNF85	protein	NCBITaxon:9606	20230511	UniProt		UniProtKB:Q9Y4K3
TRAF6	UniProtKB	Q9Y4K3		GO:0000045	PMID:30778222	IMP		P	TNF receptor-associated factor 6	RNF85	protein	NCBITaxon:9606	20230525	UniProt		UniProtKB:Q9Y4K3
TRAF6	UniProtKB	Q9Y4K3		GO:0000045	PMID:33637724	IDA		P	TNF receptor-associated factor 6	RNF85	protein	NCBITaxon:9606	20230525	UniProt		UniProtKB:Q9Y4K3
TRAF6	UniProtKB	Q9Y4K3		GO:0000045	PMID:23524951	IDA		P	TNF receptor-associated factor 6	RNF85	protein	NCBITaxon:9606	20230525	UniProt		UniProtKB:Q9Y4K3
PLEKHM1	UniProtKB	Q9Y4G2		GO:0061909	PMID:28325809	IMP		P	Pleckstrin homology domain-containing family M member 1	KIAA0356	protein	NCBITaxon:9606	20210125	UniProt		UniProtKB:Q9Y4G2
WDR45	UniProtKB	Q9Y484		GO:0000045	PMID:28561066	IMP		P	WD repeat domain phosphoinositide-interacting protein 4	WDRX1|WDRXI4|WIPI4|JM5	protein	NCBITaxon:9606	20181010	UniProt		UniProtKB:Q9Y484
WDR45	UniProtKB	Q9Y484		GO:0006914	PMID:23435086	IMP		P	WD repeat domain phosphoinositide-interacting protein 4	WDRX1|WDRXI4|WIPI4|JM5	protein	NCBITaxon:9606	20130806	UniProt		UniProtKB:Q9Y484
PIK3C3	UniProtKB	Q8NEB9		GO:0006914	PMID:25327288	IMP		P	Phosphatidylinositol 3-kinase catalytic subunit type 3	VPS34	protein	NCBITaxon:9606	20160824	MGI		UniProtKB:Q8NEB9
PIK3C3	UniProtKB	Q8NEB9		GO:0000045	PMID:33637724	IDA		P	Phosphatidylinositol 3-kinase catalytic subunit type 3	VPS34	protein	NCBITaxon:9606	20230525	UniProt		UniProtKB:Q8NEB9
PIK3C3	UniProtKB	Q8NEB9		GO:0097352	PMID:10625637	IDA		P	Phosphatidylinositol 3-kinase catalytic subunit type 3	VPS34	protein	NCBITaxon:9606	20250320	ComplexPortal		UniProtKB:Q8NEB9
TRIM32	UniProtKB	Q13049		GO:0000045	PMID:22170151	IMP		P	E3 ubiquitin-protein ligase TRIM32	HT2A	protein	NCBITaxon:9606	20231124	UniProt		UniProtKB:Q13049
TRIM32	UniProtKB	Q13049		GO:0000045	PMID:37943659	IDA		P	E3 ubiquitin-protein ligase TRIM32	HT2A	protein	NCBITaxon:9606	20231124	UniProt		UniProtKB:Q13049
TRIM32	UniProtKB	Q13049		GO:0000045	PMID:37943659	IDA		P	E3 ubiquitin-protein ligase TRIM32	HT2A	protein	NCBITaxon:9606	20231123	UniProt	GO:0033554	UniProtKB:Q13049
ARL8B	UniProtKB	Q9NVJ2		GO:0061909	PMID:28325809	IMP		P	ADP-ribosylation factor-like protein 8B	ARL10C|GIE1	protein	NCBITaxon:9606	20210125	UniProt		UniProtKB:Q9NVJ2
VPS51	UniProtKB	Q9UID3		GO:0006914	PMID:20685960	IMP		P	Vacuolar protein sorting-associated protein 51 homolog	ANG2|C11orf2|C11orf3|FFR|PP5382	protein	NCBITaxon:9606	20120803	UniProt		UniProtKB:Q9UID3
RAB33B	UniProtKB	Q9H082		GO:0000045	PMID:23202584	IDA		P	Ras-related protein Rab-33B		protein	NCBITaxon:9606	20250130	UniProt		UniProtKB:Q9H082
RAB33B	UniProtKB	Q9H082		GO:0000045	PMID:30778222	IMP		P	Ras-related protein Rab-33B		protein	NCBITaxon:9606	20250130	UniProt		UniProtKB:Q9H082
RAB33B	UniProtKB	Q9H082		GO:0034497	PMID:32960676	IMP		P	Ras-related protein Rab-33B		protein	NCBITaxon:9606	20250123	UniProt		UniProtKB:Q9H082
PIK3R4	UniProtKB	Q99570		GO:0097352	PMID:10625637	IDA		P	Phosphoinositide 3-kinase regulatory subunit 4	VPS15	protein	NCBITaxon:9606	20250320	ComplexPortal		UniProtKB:Q99570
DNAJC16	UniProtKB	Q9Y2G8		GO:0016243	PMID:32492081	IMP		P	DnaJ homolog subfamily C member 16	ERDJ8|KIAA0962	protein	NCBITaxon:9606	20221213	UniProt		UniProtKB:Q9Y2G8
STBD1	UniProtKB	O95210		GO:0061723	PMID:20810658	IMP		P	Starch-binding domain-containing protein 1	GENX-3414	protein	NCBITaxon:9606	20150723	GO_Central		UniProtKB:O95210
NRBF2	UniProtKB	Q96F24		GO:0006914	PMID:24785657	IMP		P	Nuclear receptor-binding factor 2	COPR	protein	NCBITaxon:9606	20170308	GO_Central		UniProtKB:Q96F24
FBXL4	UniProtKB	Q9UKA2		GO:0000422	PMID:32525278	IMP		P	F-box/LRR-repeat protein 4	FBL4|FBL5	protein	NCBITaxon:9606	20220120	MGI		UniProtKB:Q9UKA2
FBXL4	UniProtKB	Q9UKA2		GO:0000423	PMID:22505714	IMP		P	F-box/LRR-repeat protein 4	FBL4|FBL5	protein	NCBITaxon:9606	20241022	UniProt		UniProtKB:Q9UKA2
ATG5	UniProtKB	Q9H1Y0		GO:0000045	PMID:23202584	IDA		P	Autophagy protein 5	APG5L|ASP	protein	NCBITaxon:9606	20230531	UniProt		UniProtKB:Q9H1Y0
ATG5	UniProtKB	Q9H1Y0		GO:0006914	PMID:26812546	IMP		P	Autophagy protein 5	APG5L|ASP	protein	NCBITaxon:9606	20171003	UniProt		UniProtKB:Q9H1Y0
ATG5	UniProtKB	Q9H1Y0		GO:0006914	PMID:28389568	IGI	UniProtKB:O95352	P	Autophagy protein 5	APG5L|ASP	protein	NCBITaxon:9606	20210621	UniProt	GO:0098586	UniProtKB:Q9H1Y0
ATG5	UniProtKB	Q9H1Y0		GO:0016236	PMID:25484072	IMP		P	Autophagy protein 5	APG5L|ASP	protein	NCBITaxon:9606	20250127	ComplexPortal		UniProtKB:Q9H1Y0
ATG5	UniProtKB	Q9H1Y0		GO:0035973	PMID:22982048	IMP		P	Autophagy protein 5	APG5L|ASP	protein	NCBITaxon:9606	20160209	ParkinsonsUK-UCL		UniProtKB:Q9H1Y0
VPS33B	UniProtKB	Q9H267	not	GO:0097352	PMID:25783203	IMP		P	Vacuolar protein sorting-associated protein 33B		protein	NCBITaxon:9606	20150623	UniProt		UniProtKB:Q9H267
MAP1LC3A	UniProtKB	Q9H492		GO:0000422	PMID:22267086	IGI	UniProtKB:Q8IVP5	P	Microtubule-associated protein 1 light chain 3 alpha		protein	NCBITaxon:9606	20121102	MGI		UniProtKB:Q9H492
MAP1LC3A	UniProtKB	Q9H492		GO:0000045	PMID:24290141	IMP		P	Microtubule-associated protein 1 light chain 3 alpha		protein	NCBITaxon:9606	20160314	UniProt		UniProtKB:Q9H492
MAP1LC3A	UniProtKB	Q9H492		GO:0016236	PMID:28223137	IDA		P	Microtubule-associated protein 1 light chain 3 alpha		protein	NCBITaxon:9606	20170616	UniProt		UniProtKB:Q9H492
MAP1LC3A	UniProtKB	Q9H492		GO:0097352	PMID:28223137	IDA		P	Microtubule-associated protein 1 light chain 3 alpha		protein	NCBITaxon:9606	20170616	UniProt		UniProtKB:Q9H492
SPG11	UniProtKB	Q96JI7		GO:1905037	PMID:25365221	IDA		P	Spatacsin	KIAA1840	protein	NCBITaxon:9606	20211111	MGI		UniProtKB:Q96JI7
CHMP7	UniProtKB	Q8WUX9		GO:0006914	PMID:17984323	IMP		P	Charged multivesicular body protein 7		protein	NCBITaxon:9606	20250310	ComplexPortal		UniProtKB:Q8WUX9
CHMP7	UniProtKB	Q8WUX9		GO:0097352	PMID:17984323	IMP		P	Charged multivesicular body protein 7		protein	NCBITaxon:9606	20250310	ComplexPortal		UniProtKB:Q8WUX9
NIPSNAP2	UniProtKB	O75323		GO:0000423	PMID:30982665	IDA		P	Protein NipSnap homolog 2	GBAS	protein	NCBITaxon:9606	20240408	UniProt		UniProtKB:O75323
VPS33A	UniProtKB	Q96AX1		GO:0097352	PMID:24554770	IMP		P	Vacuolar protein sorting-associated protein 33A		protein	NCBITaxon:9606	20150623	UniProt		UniProtKB:Q96AX1
VPS33A	UniProtKB	Q96AX1		GO:0097352	PMID:25783203	IMP		P	Vacuolar protein sorting-associated protein 33A		protein	NCBITaxon:9606	20150623	UniProt		UniProtKB:Q96AX1
FBXO7	UniProtKB	Q9Y3I1		GO:0000422	PMID:23933751	IMP		P	F-box only protein 7	FBX7	protein	NCBITaxon:9606	20140203	UniProt		UniProtKB:Q9Y3I1
CHMP3	UniProtKB	Q9Y3E7		GO:0006914	PMID:17984323	IMP		P	Charged multivesicular body protein 3	CGI149|NEDF|VPS24|CGI-149	protein	NCBITaxon:9606	20250310	ComplexPortal		UniProtKB:Q9Y3E7
CHMP3	UniProtKB	Q9Y3E7		GO:0097352	PMID:17984323	IMP		P	Charged multivesicular body protein 3	CGI149|NEDF|VPS24|CGI-149	protein	NCBITaxon:9606	20250310	ComplexPortal		UniProtKB:Q9Y3E7
ATG7	UniProtKB	O95352		GO:0000045	PMID:33446636	IMP		P	Ubiquitin-like modifier-activating enzyme ATG7	APG7L	protein	NCBITaxon:9606	20230531	UniProt		UniProtKB:O95352
ATG7	UniProtKB	O95352		GO:0000045	PMID:37943659	IDA		P	Ubiquitin-like modifier-activating enzyme ATG7	APG7L	protein	NCBITaxon:9606	20231124	UniProt		UniProtKB:O95352
ATG7	UniProtKB	O95352		GO:0006914	PMID:25327288	IMP		P	Ubiquitin-like modifier-activating enzyme ATG7	APG7L	protein	NCBITaxon:9606	20160824	MGI		UniProtKB:O95352
ATG7	UniProtKB	O95352		GO:0000045	PMID:22170151	IMP		P	Ubiquitin-like modifier-activating enzyme ATG7	APG7L	protein	NCBITaxon:9606	20231124	UniProt		UniProtKB:O95352
ATG7	UniProtKB	O95352		GO:0000423	PMID:19279012	IGI	UniProtKB:Q9BXM7	P	Ubiquitin-like modifier-activating enzyme ATG7	APG7L	protein	NCBITaxon:9606	20230928	ParkinsonsUK-UCL		UniProtKB:O95352
ATG7	UniProtKB	O95352		GO:0006914	PMID:20543840	IMP		P	Ubiquitin-like modifier-activating enzyme ATG7	APG7L	protein	NCBITaxon:9606	20170307	GO_Central		UniProtKB:O95352
ATG7	UniProtKB	O95352		GO:0006914	PMID:24681637	IMP		P	Ubiquitin-like modifier-activating enzyme ATG7	APG7L	protein	NCBITaxon:9606	20140403	CACAO		UniProtKB:O95352
ATG7	UniProtKB	O95352		GO:0006914	PMID:28389568	IGI	UniProtKB:Q9H1Y0	P	Ubiquitin-like modifier-activating enzyme ATG7	APG7L	protein	NCBITaxon:9606	20210621	UniProt	GO:0098586	UniProtKB:O95352
ATG7	UniProtKB	O95352		GO:0016236	PMID:22354037	IMP		P	Ubiquitin-like modifier-activating enzyme ATG7	APG7L	protein	NCBITaxon:9606	20161221	BHF-UCL		UniProtKB:O95352
ULK1	UniProtKB	O75385		GO:0000045	PMID:20713597	IDA		P	Serine/threonine-protein kinase ULK1	KIAA0722	protein	NCBITaxon:9606	20230525	UniProt		UniProtKB:O75385
ULK1	UniProtKB	O75385		GO:0000045	PMID:23202584	IDA		P	Serine/threonine-protein kinase ULK1	KIAA0722	protein	NCBITaxon:9606	20230531	UniProt		UniProtKB:O75385
ULK1	UniProtKB	O75385		GO:0000045	PMID:23392225	IDA		P	Serine/threonine-protein kinase ULK1	KIAA0722	protein	NCBITaxon:9606	20230511	UniProt		UniProtKB:O75385
ULK1	UniProtKB	O75385		GO:0000045	PMID:23524951	IDA		P	Serine/threonine-protein kinase ULK1	KIAA0722	protein	NCBITaxon:9606	20230525	UniProt		UniProtKB:O75385
ULK1	UniProtKB	O75385		GO:0000045	PMID:25891078	IDA		P	Serine/threonine-protein kinase ULK1	KIAA0722	protein	NCBITaxon:9606	20230525	UniProt		UniProtKB:O75385
ULK1	UniProtKB	O75385		GO:0000045	PMID:30778222	IMP		P	Serine/threonine-protein kinase ULK1	KIAA0722	protein	NCBITaxon:9606	20230525	UniProt		UniProtKB:O75385
ULK1	UniProtKB	O75385		GO:0000045	PMID:33637724	IDA		P	Serine/threonine-protein kinase ULK1	KIAA0722	protein	NCBITaxon:9606	20230525	UniProt		UniProtKB:O75385
ULK1	UniProtKB	O75385		GO:0000045	PMID:19225151	IDA		P	Serine/threonine-protein kinase ULK1	KIAA0722	protein	NCBITaxon:9606	20250227	ComplexPortal		UniProtKB:O75385
ULK1	UniProtKB	O75385		GO:0000045	PMID:28890335	IDA		P	Serine/threonine-protein kinase ULK1	KIAA0722	protein	NCBITaxon:9606	20201214	UniProt		UniProtKB:O75385
ULK1	UniProtKB	O75385		GO:0006914	PMID:17595159	IMP		P	Serine/threonine-protein kinase ULK1	KIAA0722	protein	NCBITaxon:9606	20161115	UniProt		UniProtKB:O75385
ULK1	UniProtKB	O75385		GO:0006914	PMID:18936157	IDA		P	Serine/threonine-protein kinase ULK1	KIAA0722	protein	NCBITaxon:9606	20161115	UniProt		UniProtKB:O75385
ULK1	UniProtKB	O75385		GO:0006914	PMID:25891078	IDA		P	Serine/threonine-protein kinase ULK1	KIAA0722	protein	NCBITaxon:9606	20230117	UniProt		UniProtKB:O75385
ULK1	UniProtKB	O75385		GO:0006914	PMID:28389568	IGI	UniProtKB:Q8IYT8	P	Serine/threonine-protein kinase ULK1	KIAA0722	protein	NCBITaxon:9606	20210621	UniProt	GO:0098586	UniProtKB:O75385
ULK1	UniProtKB	O75385		GO:0016236	PMID:22354037	IMP		P	Serine/threonine-protein kinase ULK1	KIAA0722	protein	NCBITaxon:9606	20161114	BHF-UCL		UniProtKB:O75385
UFC1	UniProtKB	Q9Y3C8		GO:0061709	PMID:32160526	IMP		P	Ubiquitin-fold modifier-conjugating enzyme 1	CGI-126|HSPC155	protein	NCBITaxon:9606	20200527	UniProt		UniProtKB:Q9Y3C8
ATG9B	UniProtKB	Q674R7		GO:0000045	PMID:15755735	IDA		P	Autophagy-related protein 9B	APG9L2|NOS3AS	protein	NCBITaxon:9606	20060210	MGI		UniProtKB:Q674R7
CHMP1A	UniProtKB	Q9HD42		GO:0006914	PMID:17984323	IMP		P	Charged multivesicular body protein 1a	CHMP1|KIAA0047|PCOLN3|PRSM1	protein	NCBITaxon:9606	20250310	ComplexPortal		UniProtKB:Q9HD42
CHMP1A	UniProtKB	Q9HD42		GO:0097352	PMID:17984323	IMP		P	Charged multivesicular body protein 1a	CHMP1|KIAA0047|PCOLN3|PRSM1	protein	NCBITaxon:9606	20250310	ComplexPortal		UniProtKB:Q9HD42
TP53	UniProtKB	P04637		GO:0006914	PMID:23629966	IMP		P	Cellular tumor antigen p53	P53	protein	NCBITaxon:9606	20161108	CAFA		UniProtKB:P04637
STING1	UniProtKB	Q86WV6		GO:0000045	PMID:23202584	IDA		P	Stimulator of interferon genes protein	ERIS|MITA|STING|TMEM173	protein	NCBITaxon:9606	20231023	UniProt		UniProtKB:Q86WV6
STING1	UniProtKB	Q86WV6		GO:0000045	PMID:30568238	IDA		P	Stimulator of interferon genes protein	ERIS|MITA|STING|TMEM173	protein	NCBITaxon:9606	20190321	UniProt		UniProtKB:Q86WV6
STING1	UniProtKB	Q86WV6		GO:0000045	PMID:30842662	IDA		P	Stimulator of interferon genes protein	ERIS|MITA|STING|TMEM173	protein	NCBITaxon:9606	20190321	UniProt		UniProtKB:Q86WV6
STING1	UniProtKB	Q86WV6		GO:0000045	PMID:37535724	IDA		P	Stimulator of interferon genes protein	ERIS|MITA|STING|TMEM173	protein	NCBITaxon:9606	20231023	UniProt		UniProtKB:Q86WV6
RAB7A	UniProtKB	P51149		GO:0000045	PMID:19956673	IMP		P	Ras-related protein Rab-7a	RAB7	protein	NCBITaxon:9606	20170307	GO_Central		UniProtKB:P51149
ATG4D	UniProtKB	Q86TL0		GO:0000045	PMID:24290141	IMP		P	Cysteine protease ATG4D	APG4D|AUTL4	protein	NCBITaxon:9606	20230530	UniProt		UniProtKB:Q86TL0-2
ATG4D	UniProtKB	Q86TL0		GO:0000045	PMID:21177865	IDA		P	Cysteine protease ATG4D	APG4D|AUTL4	protein	NCBITaxon:9606	20230608	UniProt		UniProtKB:Q86TL0-2
ATG4D	UniProtKB	Q86TL0		GO:0000423	PMID:33773106	IMP		P	Cysteine protease ATG4D	APG4D|AUTL4	protein	NCBITaxon:9606	20210916	UniProt		UniProtKB:Q86TL0
ATG4D	UniProtKB	Q86TL0		GO:0006914	PMID:30661429	IDA		P	Cysteine protease ATG4D	APG4D|AUTL4	protein	NCBITaxon:9606	20210916	UniProt		UniProtKB:Q86TL0
ATG4D	UniProtKB	Q86TL0		GO:0034497	PMID:33773106	IMP		P	Cysteine protease ATG4D	APG4D|AUTL4	protein	NCBITaxon:9606	20210916	UniProt		UniProtKB:Q86TL0
SQSTM1	UniProtKB	Q13501		GO:0000423	PMID:20457763	IGI	UniProtKB:Q9JK66	P	Sequestosome-1	ORCA|OSIL	protein	NCBITaxon:9606	20170301	ParkinsonsUK-UCL	GO:0098780	UniProtKB:Q13501
SQSTM1	UniProtKB	Q13501		GO:0000425	PMID:26344566	IDA		P	Sequestosome-1	ORCA|OSIL	protein	NCBITaxon:9606	20220826	UniProt		UniProtKB:Q13501
SQSTM1	UniProtKB	Q13501		GO:0006914	PMID:17580304	IMP		P	Sequestosome-1	ORCA|OSIL	protein	NCBITaxon:9606	20121123	UniProt		UniProtKB:Q13501
SQSTM1	UniProtKB	Q13501		GO:0006914	PMID:20452972	IDA		P	Sequestosome-1	ORCA|OSIL	protein	NCBITaxon:9606	20190910	UniProt		UniProtKB:Q13501
SQSTM1	UniProtKB	Q13501		GO:0016236	PMID:20168092	IMP		P	Sequestosome-1	ORCA|OSIL	protein	NCBITaxon:9606	20170308	GO_Central		UniProtKB:Q13501
SQSTM1	UniProtKB	Q13501		GO:0016236	PMID:22622177	IMP		P	Sequestosome-1	ORCA|OSIL	protein	NCBITaxon:9606	20250317	UniProt		UniProtKB:Q13501
SQSTM1	UniProtKB	Q13501		GO:0016236	PMID:27498865	IDA		P	Sequestosome-1	ORCA|OSIL	protein	NCBITaxon:9606	20250317	UniProt		UniProtKB:Q13501
SQSTM1	UniProtKB	Q13501		GO:0035973	PMID:17580304	IDA		P	Sequestosome-1	ORCA|OSIL	protein	NCBITaxon:9606	20231110	UniProt		UniProtKB:Q13501
SQSTM1	UniProtKB	Q13501		GO:0035973	PMID:22017874	IDA		P	Sequestosome-1	ORCA|OSIL	protein	NCBITaxon:9606	20231109	UniProt		UniProtKB:Q13501
SQSTM1	UniProtKB	Q13501		GO:0035973	PMID:28404643	IPI	UniProtKB:Q562E7	P	Sequestosome-1	ORCA|OSIL	protein	NCBITaxon:9606	20170809	UniProt		UniProtKB:Q13501
SQSTM1	UniProtKB	Q13501		GO:0035973	PMID:29343546	IDA		P	Sequestosome-1	ORCA|OSIL	protein	NCBITaxon:9606	20231109	UniProt		UniProtKB:Q13501
SQSTM1	UniProtKB	Q13501		GO:0035973	PMID:29507397	IDA		P	Sequestosome-1	ORCA|OSIL	protein	NCBITaxon:9606	20231109	UniProt		UniProtKB:Q13501
SQSTM1	UniProtKB	Q13501		GO:0035973	PMID:31857589	IDA		P	Sequestosome-1	ORCA|OSIL	protein	NCBITaxon:9606	20231110	UniProt		UniProtKB:Q13501
SQSTM1	UniProtKB	Q13501		GO:0035973	PMID:37306101	IDA		P	Sequestosome-1	ORCA|OSIL	protein	NCBITaxon:9606	20231109	UniProt		UniProtKB:Q13501
SQSTM1	UniProtKB	Q13501		GO:0035973	PMID:37802024	IDA		P	Sequestosome-1	ORCA|OSIL	protein	NCBITaxon:9606	20231110	UniProt		UniProtKB:Q13501
SQSTM1	UniProtKB	Q13501		GO:0071211	PMID:27498865	IDA		P	Sequestosome-1	ORCA|OSIL	protein	NCBITaxon:9606	20230106	UniProt		UniProtKB:Q13501
SQSTM1	UniProtKB	Q13501		GO:0071211	PMID:34893540	IDA		P	Sequestosome-1	ORCA|OSIL	protein	NCBITaxon:9606	20240405	UniProt		UniProtKB:Q13501
SQSTM1	UniProtKB	Q13501		GO:0071211	PMID:36221902	IDA		P	Sequestosome-1	ORCA|OSIL	protein	NCBITaxon:9606	20230119	UniProt	UniProtKB:O43353	UniProtKB:Q13501
SQSTM1	UniProtKB	Q13501		GO:0071211	PMID:37802024	IDA		P	Sequestosome-1	ORCA|OSIL	protein	NCBITaxon:9606	20231110	UniProt		UniProtKB:Q13501
GBA1	UniProtKB	P04062		GO:0006914	PMID:27378698	IMP		P	Lysosomal acid glucosylceramidase	GBA|GC|GLUC	protein	NCBITaxon:9606	20181115	UniProt		UniProtKB:P04062
ATM	UniProtKB	Q13315		GO:0000045	PMID:22170151	IMP		P	Serine-protein kinase ATM		protein	NCBITaxon:9606	20231124	UniProt		UniProtKB:Q13315
ATM	UniProtKB	Q13315		GO:0000045	PMID:37943659	IDA		P	Serine-protein kinase ATM		protein	NCBITaxon:9606	20231123	UniProt	GO:0033554	UniProtKB:Q13315
ATM	UniProtKB	Q13315		GO:0000045	PMID:37943659	IDA		P	Serine-protein kinase ATM		protein	NCBITaxon:9606	20231124	UniProt		UniProtKB:Q13315
ATM	UniProtKB	Q13315		GO:0000425	PMID:27597759	IDA		P	Serine-protein kinase ATM		protein	NCBITaxon:9606	20220825	UniProt		UniProtKB:Q13315
ATM	UniProtKB	Q13315		GO:0000425	PMID:26344566	IDA		P	Serine-protein kinase ATM		protein	NCBITaxon:9606	20220826	UniProt		UniProtKB:Q13315
ABI2	UniProtKB	Q9NYB9		GO:0000423	PMID:38081847	IDA		P	Abl interactor 2	ARGBPIA	protein	NCBITaxon:9606	20231218	UniProt		UniProtKB:Q9NYB9
ELAPOR1	UniProtKB	Q6UXG2		GO:0000045	PMID:21072319	IMP		P	Endosome/lysosome-associated apoptosis and autophagy regulator 1	EIG121|KIAA1324|UNQ2426/PRO4985	protein	NCBITaxon:9606	20160126	BHF-UCL		UniProtKB:Q6UXG2
UFM1	UniProtKB	P61960		GO:0061709	PMID:32160526	IMP		P	Ubiquitin-fold modifier 1	C13orf20|BM-002	protein	NCBITaxon:9606	20200526	UniProt		UniProtKB:P61960
RETREG3	UniProtKB	Q86VR2		GO:0061709	PMID:33826365	IMP		P	Reticulophagy regulator 3	FAM134C	protein	NCBITaxon:9606	20220711	UniProt		UniProtKB:Q86VR2
PACS2	UniProtKB	Q86VP3		GO:0000045	PMID:23455425	IDA		P	Phosphofurin acidic cluster sorting protein 2	KIAA0602|PACS1L	protein	NCBITaxon:9606	20140707	MGI		UniProtKB:Q86VP3
PACS2	UniProtKB	Q86VP3		GO:0034497	PMID:23455425	IDA		P	Phosphofurin acidic cluster sorting protein 2	KIAA0602|PACS1L	protein	NCBITaxon:9606	20140707	MGI		UniProtKB:Q86VP3
ZFYVE1	UniProtKB	Q9HBF4		GO:0016236	PMID:25578879	IDA		P	Zinc finger FYVE domain-containing protein 1	DFCP1|KIAA1589|TAFF1|ZNFN2A1|PP10436	protein	NCBITaxon:9606	20160218	ParkinsonsUK-UCL		UniProtKB:Q9HBF4
RRAGC	UniProtKB	Q9HB90		GO:0000045	PMID:28890335	IDA		P	Ras-related GTP-binding protein C		protein	NCBITaxon:9606	20230605	UniProt		UniProtKB:Q9HB90
SMURF1	UniProtKB	Q9HCE7		GO:0061736	PMID:22020285	IMP		P	E3 ubiquitin-protein ligase SMURF1	KIAA1625	protein	NCBITaxon:9606	20220810	ParkinsonsUK-UCL	GO:0061734	UniProtKB:Q9HCE7
SMURF1	UniProtKB	Q9HCE7		GO:0061753	PMID:22020285	IMP		P	E3 ubiquitin-protein ligase SMURF1	KIAA1625	protein	NCBITaxon:9606	20220810	ParkinsonsUK-UCL	GO:0005739|GO:0061734	UniProtKB:Q9HCE7
SMURF1	UniProtKB	Q9HCE7		GO:0071211	PMID:22020285	IMP		P	E3 ubiquitin-protein ligase SMURF1	KIAA1625	protein	NCBITaxon:9606	20150313	ParkinsonsUK-UCL	UniProtKB:P03316	UniProtKB:Q9HCE7
CTSK	UniProtKB	P43235		GO:0000423	PMID:24912190	HMP		P	Cathepsin K	CTSO|CTSO2	protein	NCBITaxon:9606	20230928	ParkinsonsUK-UCL		UniProtKB:P43235
CUL1	UniProtKB	Q13616		GO:0000045	PMID:28890335	IDA		P	Cullin-1		protein	NCBITaxon:9606	20230620	UniProt		UniProtKB:Q13616
CHMP5	UniProtKB	Q9NZZ3		GO:0006914	PMID:17984323	IMP		P	Charged multivesicular body protein 5	C9orf83|SNF7DC2|CGI-34|HSPC177|PNAS-114|PNAS-2	protein	NCBITaxon:9606	20250310	ComplexPortal		UniProtKB:Q9NZZ3
CHMP5	UniProtKB	Q9NZZ3		GO:0097352	PMID:17984323	IMP		P	Charged multivesicular body protein 5	C9orf83|SNF7DC2|CGI-34|HSPC177|PNAS-114|PNAS-2	protein	NCBITaxon:9606	20250310	ComplexPortal		UniProtKB:Q9NZZ3
RAB2A	UniProtKB	P61019		GO:0016236	PMID:28483915	IMP		P	Ras-related protein Rab-2A	RAB2	protein	NCBITaxon:9606	20240126	UniProt		UniProtKB:P61019
RAB2A	UniProtKB	P61019		GO:0061909	PMID:37821429	IDA		P	Ras-related protein Rab-2A	RAB2	protein	NCBITaxon:9606	20250226	UniProt		UniProtKB:P61019
EIF2AK1	UniProtKB	Q9BQI3		GO:0000423	PMID:38340717	IDA		P	Eukaryotic translation initiation factor 2-alpha kinase 1	HRI|KIAA1369|PRO1362	protein	NCBITaxon:9606	20240408	UniProt		UniProtKB:Q9BQI3
PEX10	UniProtKB	O60683		GO:0000425	PMID:26344566	IDA		P	Peroxisome biogenesis factor 10	RNF69	protein	NCBITaxon:9606	20220825	UniProt		UniProtKB:O60683
PEX10	UniProtKB	O60683		GO:0000425	PMID:26344566	IDA		P	Peroxisome biogenesis factor 10	RNF69	protein	NCBITaxon:9606	20220825	UniProt	GO:0034614	UniProtKB:O60683
PEX10	UniProtKB	O60683		GO:0000425	PMID:27597759	IDA		P	Peroxisome biogenesis factor 10	RNF69	protein	NCBITaxon:9606	20220825	UniProt		UniProtKB:O60683
CHMP1B	UniProtKB	Q7LBR1		GO:0006914	PMID:17984323	IMP		P	Charged multivesicular body protein 1b	C18orf2	protein	NCBITaxon:9606	20250310	ComplexPortal		UniProtKB:Q7LBR1
CHMP1B	UniProtKB	Q7LBR1		GO:0097352	PMID:17984323	IMP		P	Charged multivesicular body protein 1b	C18orf2	protein	NCBITaxon:9606	20250310	ComplexPortal		UniProtKB:Q7LBR1
KCMF1	UniProtKB	Q9P0J7		GO:0071211	PMID:34893540	IDA		P	E3 ubiquitin-protein ligase KCMF1	FIGC|ZZZ1	protein	NCBITaxon:9606	20240405	UniProt		UniProtKB:Q9P0J7
TECPR1	UniProtKB	Q7Z6L1		GO:0006914	PMID:21575909	IDA		P	Tectonin beta-propeller repeat-containing protein 1	KIAA1358	protein	NCBITaxon:9606	20120228	UniProt		UniProtKB:Q7Z6L1
TECPR1	UniProtKB	Q7Z6L1		GO:0016236	PMID:25484072	IMP		P	Tectonin beta-propeller repeat-containing protein 1	KIAA1358	protein	NCBITaxon:9606	20250127	ComplexPortal		UniProtKB:Q7Z6L1
TECPR1	UniProtKB	Q7Z6L1		GO:0097352	PMID:22342342	IMP		P	Tectonin beta-propeller repeat-containing protein 1	KIAA1358	protein	NCBITaxon:9606	20120228	UniProt		UniProtKB:Q7Z6L1
EMC6	UniProtKB	Q9BV81		GO:0000045	PMID:23182941	IMP		P	ER membrane protein complex subunit 6	TMEM93	protein	NCBITaxon:9606	20140923	UniProt		UniProtKB:Q9BV81
BECN2	UniProtKB	A8MW95		GO:0006914	PMID:23954414	IMP		P	Beclin-2	BECN1L1|BECN1P1	protein	NCBITaxon:9606	20140324	MGI		UniProtKB:A8MW95
BECN2	UniProtKB	A8MW95		GO:0006914	PMID:23954414	IMP		P	Beclin-2	BECN1L1|BECN1P1	protein	NCBITaxon:9606	20130903	UniProt		UniProtKB:A8MW95
ATG9A	UniProtKB	Q7Z3C6		GO:0000045	PMID:15755735	IMP		P	Autophagy-related protein 9A	APG9L1	protein	NCBITaxon:9606	20060210	MGI		UniProtKB:Q7Z3C6
ATG9A	UniProtKB	Q7Z3C6		GO:0000045	PMID:22456507	IMP		P	Autophagy-related protein 9A	APG9L1	protein	NCBITaxon:9606	20140703	MGI		UniProtKB:Q7Z3C6
ATG9A	UniProtKB	Q7Z3C6		GO:0000045	PMID:29180427	IMP		P	Autophagy-related protein 9A	APG9L1	protein	NCBITaxon:9606	20210630	UniProt		UniProtKB:Q7Z3C6
ATG9A	UniProtKB	Q7Z3C6		GO:0000045	PMID:29437695	IDA		P	Autophagy-related protein 9A	APG9L1	protein	NCBITaxon:9606	20210630	UniProt		UniProtKB:Q7Z3C6
ATG9A	UniProtKB	Q7Z3C6		GO:0000045	PMID:32513819	IDA		P	Autophagy-related protein 9A	APG9L1	protein	NCBITaxon:9606	20210630	UniProt		UniProtKB:Q7Z3C6
ATG9A	UniProtKB	Q7Z3C6		GO:0000045	PMID:33468622	IDA		P	Autophagy-related protein 9A	APG9L1	protein	NCBITaxon:9606	20210630	UniProt		UniProtKB:Q7Z3C6
SPATA18	UniProtKB	Q8TC71		GO:0035695	PMID:21264228	IMP		P	Mitochondria-eating protein	MIEAP	protein	NCBITaxon:9606	20241023	UniProt		UniProtKB:Q8TC71
TMEM74	UniProtKB	Q96NL1		GO:0016236	PMID:18294959	IMP		P	Transmembrane protein 74		protein	NCBITaxon:9606	20161215	HGNC		UniProtKB:Q96NL1
RRAGA	UniProtKB	Q7L523		GO:0000045	PMID:28890335	IDA		P	Ras-related GTP-binding protein A		protein	NCBITaxon:9606	20230605	UniProt		UniProtKB:Q7L523
HSPA8	UniProtKB	P11142		GO:0061684	PMID:36586411	IDA		P	Heat shock cognate 71 kDa protein	HSC70|HSP73|HSPA10	protein	NCBITaxon:9606	20230119	UniProt	GO:0030163|GO:1900226	UniProtKB:P11142
HSPA8	UniProtKB	P11142		GO:0061740	PMID:11559757	IDA		P	Heat shock cognate 71 kDa protein	HSC70|HSP73|HSPA10	protein	NCBITaxon:9606	20230119	UniProt		UniProtKB:P11142
HSPA8	UniProtKB	P11142		GO:0061740	PMID:26212789	IMP		P	Heat shock cognate 71 kDa protein	HSC70|HSP73|HSPA10	protein	NCBITaxon:9606	20160810	ParkinsonsUK-UCL	UniProtKB:Q96PG8	UniProtKB:P11142
HSPA8	UniProtKB	P11142		GO:0061740	PMID:36586411	IDA		P	Heat shock cognate 71 kDa protein	HSC70|HSP73|HSPA10	protein	NCBITaxon:9606	20230119	UniProt		UniProtKB:P11142
DEPTOR	UniProtKB	Q8TB45		GO:0000045	PMID:28890335	IDA		P	DEP domain-containing mTOR-interacting protein	DEPDC6	protein	NCBITaxon:9606	20230620	UniProt		UniProtKB:Q8TB45
CLEC16A	UniProtKB	Q2KHT3		GO:0000423	PMID:35604110	IDA		P	Protein CLEC16A	KIAA0350	protein	NCBITaxon:9606	20220228	DisProt		UniProtKB:Q2KHT3
AP4M1	UniProtKB	O00189		GO:0000045	PMID:29180427	IMP		P	AP-4 complex subunit mu-1	MUARP2	protein	NCBITaxon:9606	20210630	UniProt		UniProtKB:O00189
ZFYVE26	UniProtKB	Q68DK2		GO:1905037	PMID:25365221	IDA		P	Zinc finger FYVE domain-containing protein 26	KIAA0321	protein	NCBITaxon:9606	20211111	MGI		UniProtKB:Q68DK2
VCP	UniProtKB	P55072		GO:0006914	PMID:20104022	IMP		P	Transitional endoplasmic reticulum ATPase	HEL-220|HEL-S-70	protein	NCBITaxon:9606	20160622	UniProt		UniProtKB:P55072
VCP	UniProtKB	P55072		GO:0006914	PMID:25125609	IMP		P	Transitional endoplasmic reticulum ATPase	HEL-220|HEL-S-70	protein	NCBITaxon:9606	20160622	UniProt		UniProtKB:P55072
VCP	UniProtKB	P55072		GO:0016236	PMID:27753622	IMP		P	Transitional endoplasmic reticulum ATPase	HEL-220|HEL-S-70	protein	NCBITaxon:9606	20170530	UniProt		UniProtKB:P55072
VCP	UniProtKB	P55072		GO:0097352	PMID:20104022	IMP		P	Transitional endoplasmic reticulum ATPase	HEL-220|HEL-S-70	protein	NCBITaxon:9606	20160622	UniProt		UniProtKB:P55072
DELE1	UniProtKB	Q14154		GO:0000423	PMID:38340717	IDA		P	DAP3-binding cell death enhancer 1	DELE|KIAA0141	protein	NCBITaxon:9606	20240408	UniProt		UniProtKB:Q14154
VPS39	UniProtKB	Q96JC1		GO:0006914	PMID:24554770	IMP		P	Vam6/Vps39-like protein	KIAA0770|TLP|VAM6	protein	NCBITaxon:9606	20150623	UniProt		UniProtKB:Q96JC1
VPS39	UniProtKB	Q96JC1		GO:0061909	PMID:33422265	IDA		P	Vam6/Vps39-like protein	KIAA0770|TLP|VAM6	protein	NCBITaxon:9606	20210111	UniProt		UniProtKB:Q96JC1
ITGB4	UniProtKB	P16144		GO:0006914	PMID:24007983	IMP		P	Integrin beta-4		protein	NCBITaxon:9606	20140425	UniProt		UniProtKB:P16144
RAB23	UniProtKB	Q9ULC3		GO:0000045	PMID:22452336	IMP		P	Ras-related protein Rab-23	HSPC137	protein	NCBITaxon:9606	20121220	UniProt		UniProtKB:Q9ULC3
ZDHHC12	UniProtKB	Q96GR4		GO:0061684	PMID:36586411	IDA		P	Palmitoyltransferase ZDHHC12	ZNF400|PSEC0008	protein	NCBITaxon:9606	20230119	UniProt	GO:0030163|GO:1900226	UniProtKB:Q96GR4
ZDHHC12	UniProtKB	Q96GR4		GO:0061740	PMID:36586411	IDA		P	Palmitoyltransferase ZDHHC12	ZNF400|PSEC0008	protein	NCBITaxon:9606	20230119	UniProt	GO:1900226|UniProtKB:Q96P20	UniProtKB:Q96GR4
SNF8	UniProtKB	Q96H20		GO:0016236	PMID:38423010	IMP		P	Vacuolar-sorting protein SNF8	EAP30	protein	NCBITaxon:9606	20240605	UniProt		UniProtKB:Q96H20
ATG10	UniProtKB	Q9H0Y0		GO:0000045	PMID:23202584	IDA		P	Ubiquitin-like-conjugating enzyme ATG10	APG10L|PP12616	protein	NCBITaxon:9606	20230531	UniProt		UniProtKB:Q9H0Y0
ATG10	UniProtKB	Q9H0Y0		GO:0000045	PMID:16963840	IDA		P	Ubiquitin-like-conjugating enzyme ATG10	APG10L|PP12616	protein	NCBITaxon:9606	20230531	UniProt		UniProtKB:Q9H0Y0
ATG10	UniProtKB	Q9H0Y0		GO:0006914	PMID:15657430	IMP		P	Ubiquitin-like-conjugating enzyme ATG10	APG10L|PP12616	protein	NCBITaxon:9606	20080529	UniProt		UniProtKB:Q9H0Y0
ATG10	UniProtKB	Q9H0Y0		GO:0006914	PMID:17256008	IMP		P	Ubiquitin-like-conjugating enzyme ATG10	APG10L|PP12616	protein	NCBITaxon:9606	20170301	BHF-UCL	GO:0006983	UniProtKB:Q9H0Y0
ATG10	UniProtKB	Q9H0Y0		GO:0006914	PMID:17256008	IMP		P	Ubiquitin-like-conjugating enzyme ATG10	APG10L|PP12616	protein	NCBITaxon:9606	20170308	GO_Central		UniProtKB:Q9H0Y0
PPTC7	UniProtKB	Q8NI37		GO:0000423	PMID:22505714	IMP		P	Protein phosphatase PTC7 homolog	TAPP2C	protein	NCBITaxon:9606	20241022	UniProt		UniProtKB:Q8NI37
SNAP29	UniProtKB	O95721		GO:0016240	PMID:25686604	IDA		P	Synaptosomal-associated protein 29		protein	NCBITaxon:9606	20161116	GO_Central		UniProtKB:O95721
SNAP29	UniProtKB	O95721		GO:0097352	PMID:23217709	IMP		P	Synaptosomal-associated protein 29		protein	NCBITaxon:9606	20130412	UniProt		UniProtKB:O95721
ARHGAP26	UniProtKB	Q9UNA1		GO:0000423	PMID:38081847	IDA		P	Rho GTPase-activating protein 26	GRAF|KIAA0621|OPHN1L	protein	NCBITaxon:9606	20231218	UniProt		UniProtKB:Q9UNA1
ZRANB1	UniProtKB	Q9UGI0		GO:0000045	PMID:33637724	IDA		P	Ubiquitin thioesterase ZRANB1	TRABID	protein	NCBITaxon:9606	20210730	UniProt		UniProtKB:Q9UGI0
LYPLA1	UniProtKB	O75608		GO:0035973	PMID:17580304	IDA		P	Acyl-protein thioesterase 1	APT1|LPL1	protein	NCBITaxon:9606	20231110	UniProt		UniProtKB:O75608
LYPLA1	UniProtKB	O75608		GO:0071211	PMID:37802024	IDA		P	Acyl-protein thioesterase 1	APT1|LPL1	protein	NCBITaxon:9606	20231110	UniProt		UniProtKB:O75608
VMP1	UniProtKB	Q96GC9		GO:0000045	PMID:28890335	IDA		P	Vacuole membrane protein 1	TDC1|TMEM49|HSPC292	protein	NCBITaxon:9606	20201214	UniProt		UniProtKB:Q96GC9
VMP1	UniProtKB	Q96GC9		GO:0000045	PMID:30093494	IMP		P	Vacuole membrane protein 1	TDC1|TMEM49|HSPC292	protein	NCBITaxon:9606	20180816	UniProt		UniProtKB:Q96GC9
VMP1	UniProtKB	Q96GC9		GO:0000045	PMID:30933966	IMP		P	Vacuole membrane protein 1	TDC1|TMEM49|HSPC292	protein	NCBITaxon:9606	20200102	UniProt		UniProtKB:Q96GC9
VMP1	UniProtKB	Q96GC9		GO:0006914	PMID:28890335	IDA		P	Vacuole membrane protein 1	TDC1|TMEM49|HSPC292	protein	NCBITaxon:9606	20201214	UniProt		UniProtKB:Q96GC9
VMP1	UniProtKB	Q96GC9		GO:0016240	PMID:28890335	IDA		P	Vacuole membrane protein 1	TDC1|TMEM49|HSPC292	protein	NCBITaxon:9606	20201216	UniProt		UniProtKB:Q96GC9
CHMP6	UniProtKB	Q96FZ7		GO:0006914	PMID:17984323	IMP		P	Charged multivesicular body protein 6	VPS20	protein	NCBITaxon:9606	20250310	ComplexPortal		UniProtKB:Q96FZ7
CHMP6	UniProtKB	Q96FZ7		GO:0097352	PMID:17984323	IMP		P	Charged multivesicular body protein 6	VPS20	protein	NCBITaxon:9606	20250310	ComplexPortal		UniProtKB:Q96FZ7
UBA5	UniProtKB	Q9GZZ9		GO:0061709	PMID:32160526	IMP		P	Ubiquitin-like modifier-activating enzyme 5	UBE1DC1	protein	NCBITaxon:9606	20200526	UniProt		UniProtKB:Q9GZZ9
CALCOCO2	UniProtKB	Q13137		GO:0098792	PMID:23022382	IMP		P	Calcium-binding and coiled-coil domain-containing protein 2	NDP52	protein	NCBITaxon:9606	20220228	DisProt		UniProtKB:Q13137
CALCOCO2	UniProtKB	Q13137		GO:0098792	PMID:25771791	IMP		P	Calcium-binding and coiled-coil domain-containing protein 2	NDP52	protein	NCBITaxon:9606	20150715	GO_Central		UniProtKB:Q13137
PRKAA1	UniProtKB	Q13131		GO:0000045	PMID:28890335	IDA		P	5'-AMP-activated protein kinase catalytic subunit alpha-1	AMPK1	protein	NCBITaxon:9606	20230117	UniProt		UniProtKB:Q13131
PRKAA1	UniProtKB	Q13131		GO:0006914	PMID:25891078	IDA		P	5'-AMP-activated protein kinase catalytic subunit alpha-1	AMPK1	protein	NCBITaxon:9606	20230117	UniProt		UniProtKB:Q13131
MAP1LC3B	UniProtKB	Q9GZQ8		GO:0000045	PMID:37943659	IDA		P	Microtubule-associated protein 1 light chain 3 beta	MAP1ALC3	protein	NCBITaxon:9606	20231124	UniProt		UniProtKB:Q9GZQ8
MAP1LC3B	UniProtKB	Q9GZQ8		GO:0000423	PMID:19279012	IGI	UniProtKB:Q9BXM7	P	Microtubule-associated protein 1 light chain 3 beta	MAP1ALC3	protein	NCBITaxon:9606	20230928	ParkinsonsUK-UCL		UniProtKB:Q9GZQ8
MAP1LC3B	UniProtKB	Q9GZQ8		GO:0000423	PMID:28017329	IDA		P	Microtubule-associated protein 1 light chain 3 beta	MAP1ALC3	protein	NCBITaxon:9606	20200422	UniProt		UniProtKB:Q9GZQ8
MAP1LC3B	UniProtKB	Q9GZQ8		GO:0006914	PMID:23629966	IDA		P	Microtubule-associated protein 1 light chain 3 beta	MAP1ALC3	protein	NCBITaxon:9606	20161108	CAFA		UniProtKB:Q9GZQ8
MAP1LC3B	UniProtKB	Q9GZQ8		GO:0016236	PMID:28223137	IDA		P	Microtubule-associated protein 1 light chain 3 beta	MAP1ALC3	protein	NCBITaxon:9606	20170616	UniProt		UniProtKB:Q9GZQ8
MAP1LC3B	UniProtKB	Q9GZQ8		GO:0097352	PMID:28223137	IDA		P	Microtubule-associated protein 1 light chain 3 beta	MAP1ALC3	protein	NCBITaxon:9606	20170616	UniProt		UniProtKB:Q9GZQ8
VIPAS39	UniProtKB	Q9H9C1	not	GO:0097352	PMID:25783203	IMP		P	Spermatogenesis-defective protein 39 homolog	C14orf133|SPE39|VIPAR	protein	NCBITaxon:9606	20150623	UniProt		UniProtKB:Q9H9C1
MAP1LC3C	UniProtKB	Q9BXW4		GO:0016236	PMID:28223137	IDA		P	Microtubule-associated protein 1 light chain 3 gamma		protein	NCBITaxon:9606	20170616	UniProt		UniProtKB:Q9BXW4
MAP1LC3C	UniProtKB	Q9BXW4		GO:0035973	PMID:28404643	IMP		P	Microtubule-associated protein 1 light chain 3 gamma		protein	NCBITaxon:9606	20170809	UniProt		UniProtKB:Q9BXW4
MAP1LC3C	UniProtKB	Q9BXW4		GO:0097352	PMID:28223137	IDA		P	Microtubule-associated protein 1 light chain 3 gamma		protein	NCBITaxon:9606	20170616	UniProt		UniProtKB:Q9BXW4
USP30	UniProtKB	Q70CQ3		GO:0000422	PMID:24896179	IMP		P	Ubiquitin carboxyl-terminal hydrolase 30		protein	NCBITaxon:9606	20140701	UniProt		UniProtKB:Q70CQ3
USP30	UniProtKB	Q70CQ3		GO:0000422	PMID:25621951	IDA		P	Ubiquitin carboxyl-terminal hydrolase 30		protein	NCBITaxon:9606	20150223	UniProt		UniProtKB:Q70CQ3
UBQLN1	UniProtKB	Q9UMX0		GO:0000045	PMID:20529957	IMP		P	Ubiquilin-1	DA41|PLIC1	protein	NCBITaxon:9606	20160420	GO_Central		UniProtKB:Q9UMX0
UBQLN1	UniProtKB	Q9UMX0		GO:0016236	PMID:20529957	IMP		P	Ubiquilin-1	DA41|PLIC1	protein	NCBITaxon:9606	20160420	GO_Central		UniProtKB:Q9UMX0
UBQLN1	UniProtKB	Q9UMX0		GO:0035973	PMID:21143716	IDA		P	Ubiquilin-1	DA41|PLIC1	protein	NCBITaxon:9606	20150401	UniProt		UniProtKB:Q9UMX0
UBQLN1	UniProtKB	Q9UMX0		GO:0097352	PMID:23459205	IMP		P	Ubiquilin-1	DA41|PLIC1	protein	NCBITaxon:9606	20160420	GO_Central		UniProtKB:Q9UMX0
ATP13A2	UniProtKB	Q9NQ11		GO:0006914	PMID:27278822	IMP		P	Polyamine-transporting ATPase 13A2	PARK9	protein	NCBITaxon:9606	20190820	UniProt		UniProtKB:Q9NQ11
ATP13A2	UniProtKB	Q9NQ11		GO:0016243	PMID:22186024	IDA		P	Polyamine-transporting ATPase 13A2	PARK9	protein	NCBITaxon:9606	20160308	ParkinsonsUK-UCL	CL:0010012	UniProtKB:Q9NQ11
ATP13A2	UniProtKB	Q9NQ11		GO:0061909	PMID:30538141	IMP		P	Polyamine-transporting ATPase 13A2	PARK9	protein	NCBITaxon:9606	20200306	UniProt		UniProtKB:Q9NQ11
ATP13A2	UniProtKB	Q9NQ11		GO:1905037	PMID:22186024	IDA		P	Polyamine-transporting ATPase 13A2	PARK9	protein	NCBITaxon:9606	20160308	ParkinsonsUK-UCL	CL:0010012	UniProtKB:Q9NQ11
STX12	UniProtKB	Q86Y82		GO:0000045	PMID:24095276	IMP		P	Syntaxin-12		protein	NCBITaxon:9606	20160119	ParkinsonsUK-UCL		UniProtKB:Q86Y82
LAMTOR1	UniProtKB	Q6IAA8		GO:0000045	PMID:28890335	IDA		P	Ragulator complex protein LAMTOR1	C11orf59|PDRO|PP7157	protein	NCBITaxon:9606	20230605	UniProt		UniProtKB:Q6IAA8
CHMP2A	UniProtKB	O43633		GO:0006914	PMID:17984323	IMP		P	Charged multivesicular body protein 2a	BC2|CHMP2	protein	NCBITaxon:9606	20250310	ComplexPortal		UniProtKB:O43633
CHMP2A	UniProtKB	O43633		GO:0097352	PMID:17984323	IMP		P	Charged multivesicular body protein 2a	BC2|CHMP2	protein	NCBITaxon:9606	20250310	ComplexPortal		UniProtKB:O43633
OPTN	UniProtKB	Q96CV9		GO:0061734	PMID:25294927	IMP		P	Optineurin	FIP2|GLC1E|HIP7|HYPL|NRP	protein	NCBITaxon:9606	20160615	ParkinsonsUK-UCL		UniProtKB:Q96CV9
AMBRA1	UniProtKB	Q9C0C7		GO:0000045	PMID:20713597	IDA		P	Activating molecule in BECN1-regulated autophagy protein 1	DCAF3|KIAA1736	protein	NCBITaxon:9606	20230525	UniProt		UniProtKB:Q9C0C7-4
AMBRA1	UniProtKB	Q9C0C7		GO:0000045	PMID:23202584	IDA		P	Activating molecule in BECN1-regulated autophagy protein 1	DCAF3|KIAA1736	protein	NCBITaxon:9606	20230531	UniProt		UniProtKB:Q9C0C7-4
AMBRA1	UniProtKB	Q9C0C7		GO:0000045	PMID:23392225	IDA		P	Activating molecule in BECN1-regulated autophagy protein 1	DCAF3|KIAA1736	protein	NCBITaxon:9606	20230511	UniProt		UniProtKB:Q9C0C7-4
AMBRA1	UniProtKB	Q9C0C7		GO:0000045	PMID:25891078	IDA		P	Activating molecule in BECN1-regulated autophagy protein 1	DCAF3|KIAA1736	protein	NCBITaxon:9606	20230525	UniProt		UniProtKB:Q9C0C7-4
AMBRA1	UniProtKB	Q9C0C7		GO:0000045	PMID:28890335	IDA		P	Activating molecule in BECN1-regulated autophagy protein 1	DCAF3|KIAA1736	protein	NCBITaxon:9606	20230511	UniProt		UniProtKB:Q9C0C7-4
AMBRA1	UniProtKB	Q9C0C7		GO:0000045	PMID:30778222	IMP		P	Activating molecule in BECN1-regulated autophagy protein 1	DCAF3|KIAA1736	protein	NCBITaxon:9606	20230525	UniProt		UniProtKB:Q9C0C7-4
AMBRA1	UniProtKB	Q9C0C7		GO:0000045	PMID:33637724	IDA		P	Activating molecule in BECN1-regulated autophagy protein 1	DCAF3|KIAA1736	protein	NCBITaxon:9606	20230525	UniProt		UniProtKB:Q9C0C7-4
AMBRA1	UniProtKB	Q9C0C7		GO:0000045	PMID:20921139	IDA		P	Activating molecule in BECN1-regulated autophagy protein 1	DCAF3|KIAA1736	protein	NCBITaxon:9606	20210629	UniProt		UniProtKB:Q9C0C7
AMBRA1	UniProtKB	Q9C0C7		GO:0000045	PMID:23524951	IDA		P	Activating molecule in BECN1-regulated autophagy protein 1	DCAF3|KIAA1736	protein	NCBITaxon:9606	20230525	UniProt		UniProtKB:Q9C0C7-4
AMBRA1	UniProtKB	Q9C0C7		GO:0000045	PMID:25215947	IMP		P	Activating molecule in BECN1-regulated autophagy protein 1	DCAF3|KIAA1736	protein	NCBITaxon:9606	20170301	ParkinsonsUK-UCL		UniProtKB:Q9C0C7
AMBRA1	UniProtKB	Q9C0C7		GO:0000423	PMID:21753002	IDA		P	Activating molecule in BECN1-regulated autophagy protein 1	DCAF3|KIAA1736	protein	NCBITaxon:9606	20170301	ParkinsonsUK-UCL	GO:0098780	UniProtKB:Q9C0C7
AMBRA1	UniProtKB	Q9C0C7		GO:0000423	PMID:25215947	IGI	UniProtKB:O60260	P	Activating molecule in BECN1-regulated autophagy protein 1	DCAF3|KIAA1736	protein	NCBITaxon:9606	20230928	ParkinsonsUK-UCL		UniProtKB:Q9C0C7
AMBRA1	UniProtKB	Q9C0C7		GO:0000423	PMID:25215947	IGI	UniProtKB:Q99MQ3	P	Activating molecule in BECN1-regulated autophagy protein 1	DCAF3|KIAA1736	protein	NCBITaxon:9606	20230928	ParkinsonsUK-UCL		UniProtKB:Q9C0C7
AMBRA1	UniProtKB	Q9C0C7		GO:0000423	PMID:25215947	IMP		P	Activating molecule in BECN1-regulated autophagy protein 1	DCAF3|KIAA1736	protein	NCBITaxon:9606	20170301	ParkinsonsUK-UCL	GO:0098780	UniProtKB:Q9C0C7
TRIM5	UniProtKB	Q9C035		GO:0006914	PMID:25127057	IDA		P	Tripartite motif-containing protein 5	RNF88	protein	NCBITaxon:9606	20150715	UniProt		UniProtKB:Q9C035
EIF2S1	UniProtKB	P05198		GO:0000423	PMID:38340717	IDA		P	Eukaryotic translation initiation factor 2 subunit 1	EIF2A	protein	NCBITaxon:9606	20240408	UniProt		UniProtKB:P05198
S100A8	UniProtKB	P05109		GO:0006914	PMID:19935772	IDA		P	Protein S100-A8	CAGA|CFAG|MRP8	protein	NCBITaxon:9606	20120919	UniProt		UniProtKB:P05109
RBX1	UniProtKB	P62877		GO:0000045	PMID:28890335	IDA		P	E3 ubiquitin-protein ligase RBX1	RNF75|ROC1	protein	NCBITaxon:9606	20230620	UniProt		UniProtKB:P62877
RBX1	UniProtKB	P62877		GO:0000423	PMID:22505714	IMP		P	E3 ubiquitin-protein ligase RBX1	RNF75|ROC1	protein	NCBITaxon:9606	20241022	UniProt		UniProtKB:P62877
RAB1A	UniProtKB	P62820		GO:0000045	PMID:22939626	IMP		P	Ras-related protein Rab-1A	RAB1	protein	NCBITaxon:9606	20131204	UniProt		UniProtKB:P62820
RAB1A	UniProtKB	P62820		GO:0006914	PMID:22939626	IMP		P	Ras-related protein Rab-1A	RAB1	protein	NCBITaxon:9606	20131204	UniProt		UniProtKB:P62820
BTRC	UniProtKB	Q9Y297		GO:0000045	PMID:28890335	IDA		P	F-box/WD repeat-containing protein 1A	BTRCP|FBW1A|FBXW1A	protein	NCBITaxon:9606	20230620	UniProt		UniProtKB:Q9Y297
YOD1	UniProtKB	Q5VVQ6		GO:0016236	PMID:27753622	IMP		P	Ubiquitin thioesterase OTU1	DUBA8|HIN7|OTUD2|PRO0907	protein	NCBITaxon:9606	20170530	UniProt		UniProtKB:Q5VVQ6
BECN1	UniProtKB	Q14457		GO:0000045	PMID:33637724	IDA		P	Beclin-1	GT197	protein	NCBITaxon:9606	20230322	UniProt		UniProtKB:Q14457
BECN1	UniProtKB	Q14457		GO:0006914	PMID:28747345	IMP		P	Beclin-1	GT197	protein	NCBITaxon:9606	20200717	MGI		UniProtKB:Q14457
BECN1	UniProtKB	Q14457		GO:0000045	PMID:25891078	IDA		P	Beclin-1	GT197	protein	NCBITaxon:9606	20230525	UniProt		UniProtKB:Q14457
BECN1	UniProtKB	Q14457		GO:0000423	PMID:23878393	IMP		P	Beclin-1	GT197	protein	NCBITaxon:9606	20170301	ParkinsonsUK-UCL	GO:0098780	UniProtKB:Q14457
BECN1	UniProtKB	Q14457		GO:0000423	PMID:25215947	IMP		P	Beclin-1	GT197	protein	NCBITaxon:9606	20230928	ParkinsonsUK-UCL		UniProtKB:Q14457
BECN1	UniProtKB	Q14457		GO:0006914	PMID:23184933	IMP		P	Beclin-1	GT197	protein	NCBITaxon:9606	20170307	GO_Central		UniProtKB:Q14457
BECN1	UniProtKB	Q14457		GO:0006914	PMID:23629966	IDA		P	Beclin-1	GT197	protein	NCBITaxon:9606	20161108	CAFA		UniProtKB:Q14457
BECN1	UniProtKB	Q14457		GO:0006914	PMID:24056303	IMP		P	Beclin-1	GT197	protein	NCBITaxon:9606	20131105	CACAO		UniProtKB:Q14457
BECN1	UniProtKB	Q14457		GO:0006914	PMID:25891078	IDA		P	Beclin-1	GT197	protein	NCBITaxon:9606	20230117	UniProt		UniProtKB:Q14457
BECN1	UniProtKB	Q14457		GO:0097352	PMID:10625637	IDA		P	Beclin-1	GT197	protein	NCBITaxon:9606	20250320	ComplexPortal		UniProtKB:Q14457
RAB39A	UniProtKB	Q14964		GO:0061909	PMID:37821429	IMP		P	Ras-related protein Rab-39A	RAB39	protein	NCBITaxon:9606	20250226	UniProt		UniProtKB:Q14964
ATG13	UniProtKB	O75143		GO:0000045	PMID:19211835	IMP		P	Autophagy-related protein 13	KIAA0652	protein	NCBITaxon:9606	20151026	MGI		UniProtKB:O75143
ATG13	UniProtKB	O75143		GO:0000045	PMID:20713597	IDA		P	Autophagy-related protein 13	KIAA0652	protein	NCBITaxon:9606	20230525	UniProt		UniProtKB:O75143
ATG13	UniProtKB	O75143		GO:0000045	PMID:23202584	IDA		P	Autophagy-related protein 13	KIAA0652	protein	NCBITaxon:9606	20230531	UniProt		UniProtKB:O75143
ATG13	UniProtKB	O75143		GO:0000045	PMID:23392225	IDA		P	Autophagy-related protein 13	KIAA0652	protein	NCBITaxon:9606	20230511	UniProt		UniProtKB:O75143
ATG13	UniProtKB	O75143		GO:0000045	PMID:23524951	IDA		P	Autophagy-related protein 13	KIAA0652	protein	NCBITaxon:9606	20230525	UniProt		UniProtKB:O75143
ATG13	UniProtKB	O75143		GO:0000045	PMID:25891078	IDA		P	Autophagy-related protein 13	KIAA0652	protein	NCBITaxon:9606	20230525	UniProt		UniProtKB:O75143
ATG13	UniProtKB	O75143		GO:0000045	PMID:28890335	IDA		P	Autophagy-related protein 13	KIAA0652	protein	NCBITaxon:9606	20230511	UniProt		UniProtKB:O75143
ATG13	UniProtKB	O75143		GO:0000045	PMID:30778222	IMP		P	Autophagy-related protein 13	KIAA0652	protein	NCBITaxon:9606	20230525	UniProt		UniProtKB:O75143
ATG13	UniProtKB	O75143		GO:0000045	PMID:33637724	IDA		P	Autophagy-related protein 13	KIAA0652	protein	NCBITaxon:9606	20230525	UniProt		UniProtKB:O75143
ATG13	UniProtKB	O75143		GO:0000045	PMID:19211835	IMP		P	Autophagy-related protein 13	KIAA0652	protein	NCBITaxon:9606	20090929	UniProt		UniProtKB:O75143
ATG13	UniProtKB	O75143		GO:0000045	PMID:19225151	IDA		P	Autophagy-related protein 13	KIAA0652	protein	NCBITaxon:9606	20250227	ComplexPortal		UniProtKB:O75143
RNF213	UniProtKB	Q63HN8		GO:0098792	PMID:34012115	IDA		P	E3 ubiquitin-protein ligase RNF213	ALO17|C17orf27|KIAA1554|KIAA1618|MYSTR	protein	NCBITaxon:9606	20210730	UniProt		UniProtKB:Q63HN8
C19orf12	UniProtKB	Q9NSK7		GO:0006914	PMID:26136767	IMP		P	Protein C19orf12		protein	NCBITaxon:9606	20160810	UniProt		UniProtKB:Q9NSK7
CHMP4C	UniProtKB	Q96CF2		GO:0006914	PMID:17984323	IMP		P	Charged multivesicular body protein 4c	SHAX3	protein	NCBITaxon:9606	20250310	ComplexPortal		UniProtKB:Q96CF2
CHMP4C	UniProtKB	Q96CF2		GO:0097352	PMID:17984323	IMP		P	Charged multivesicular body protein 4c	SHAX3	protein	NCBITaxon:9606	20250310	ComplexPortal		UniProtKB:Q96CF2
MTOR	UniProtKB	P42345		GO:0000045	PMID:20713597	IDA		P	Serine/threonine-protein kinase mTOR	FRAP|FRAP1|FRAP2|RAFT1|RAPT1	protein	NCBITaxon:9606	20230525	UniProt		UniProtKB:P42345
MTOR	UniProtKB	P42345		GO:0000045	PMID:23202584	IDA		P	Serine/threonine-protein kinase mTOR	FRAP|FRAP1|FRAP2|RAFT1|RAPT1	protein	NCBITaxon:9606	20230531	UniProt		UniProtKB:P42345
MTOR	UniProtKB	P42345		GO:0000045	PMID:23392225	IDA		P	Serine/threonine-protein kinase mTOR	FRAP|FRAP1|FRAP2|RAFT1|RAPT1	protein	NCBITaxon:9606	20230511	UniProt		UniProtKB:P42345
MTOR	UniProtKB	P42345		GO:0000045	PMID:23524951	IDA		P	Serine/threonine-protein kinase mTOR	FRAP|FRAP1|FRAP2|RAFT1|RAPT1	protein	NCBITaxon:9606	20230525	UniProt		UniProtKB:P42345
MTOR	UniProtKB	P42345		GO:0000045	PMID:25891078	IDA		P	Serine/threonine-protein kinase mTOR	FRAP|FRAP1|FRAP2|RAFT1|RAPT1	protein	NCBITaxon:9606	20230525	UniProt		UniProtKB:P42345
MTOR	UniProtKB	P42345		GO:0000045	PMID:28890335	IDA		P	Serine/threonine-protein kinase mTOR	FRAP|FRAP1|FRAP2|RAFT1|RAPT1	protein	NCBITaxon:9606	20230605	UniProt		UniProtKB:P42345
MTOR	UniProtKB	P42345		GO:0000045	PMID:30778222	IMP		P	Serine/threonine-protein kinase mTOR	FRAP|FRAP1|FRAP2|RAFT1|RAPT1	protein	NCBITaxon:9606	20230525	UniProt		UniProtKB:P42345
MTOR	UniProtKB	P42345		GO:0000045	PMID:33637724	IDA		P	Serine/threonine-protein kinase mTOR	FRAP|FRAP1|FRAP2|RAFT1|RAPT1	protein	NCBITaxon:9606	20230525	UniProt		UniProtKB:P42345
NBR1	UniProtKB	Q14596		GO:0016236	PMID:19250911	IDA		P	Next to BRCA1 gene 1 protein	1A13B|KIAA0049|M17S2|MIG19	protein	NCBITaxon:9606	20100601	UniProt		UniProtKB:Q14596
RIMOC1	UniProtKB	A6NDU8		GO:0000423	PMID:34432599	IMP		P	RAB7A-interacting MON1-CCZ1 complex subunit 1	C5orf51	protein	NCBITaxon:9606	20210927	UniProt		UniProtKB:A6NDU8
ATE1	UniProtKB	O95260		GO:0071211	PMID:34893540	IDA		P	Arginyl-tRNA--protein transferase 1		protein	NCBITaxon:9606	20240405	UniProt		UniProtKB:O95260
DNM2	UniProtKB	P50570		GO:0006914	PMID:29437695	IMP		P	Dynamin-2	DYN2	protein	NCBITaxon:9606	20231022	UniProt		UniProtKB:P50570
DNM2	UniProtKB	P50570		GO:0006914	PMID:32315611	IDA		P	Dynamin-2	DYN2	protein	NCBITaxon:9606	20230928	UniProt		UniProtKB:P50570
DDRGK1	UniProtKB	Q96HY6		GO:0061709	PMID:32160526	IDA		P	DDRGK domain-containing protein 1	C20orf116|UFBP1	protein	NCBITaxon:9606	20200526	UniProt		UniProtKB:Q96HY6
LGALS8	UniProtKB	O00214		GO:0098792	PMID:22246324	IMP		P	Galectin-8		protein	NCBITaxon:9606	20150817	GO_Central		UniProtKB:O00214
LGALS8	UniProtKB	O00214		GO:0098792	PMID:28077878	IMP		P	Galectin-8		protein	NCBITaxon:9606	20170207	UniProt		UniProtKB:O00214
TMEM41B	UniProtKB	Q5BJD5		GO:0000045	PMID:30093494	IMP		P	Transmembrane protein 41B	KIAA0033	protein	NCBITaxon:9606	20180816	UniProt		UniProtKB:Q5BJD5
TMEM41B	UniProtKB	Q5BJD5		GO:0000045	PMID:30126924	IMP		P	Transmembrane protein 41B	KIAA0033	protein	NCBITaxon:9606	20200102	UniProt		UniProtKB:Q5BJD5
TMEM41B	UniProtKB	Q5BJD5		GO:0000045	PMID:30933966	IMP		P	Transmembrane protein 41B	KIAA0033	protein	NCBITaxon:9606	20200102	UniProt		UniProtKB:Q5BJD5
SYT11	UniProtKB	Q9BT88		GO:0006914	PMID:27278822	IMP		P	Synaptotagmin-11	KIAA0080	protein	NCBITaxon:9606	20190820	UniProt		UniProtKB:Q9BT88
RPS6KB1	UniProtKB	P23443		GO:0000045	PMID:28890335	IDA		P	Ribosomal protein S6 kinase beta-1	STK14A	protein	NCBITaxon:9606	20230620	UniProt		UniProtKB:P23443
WIPI1	UniProtKB	Q5MNZ9		GO:0000045	PMID:28561066	IMP		P	WD repeat domain phosphoinositide-interacting protein 1	WIPI49	protein	NCBITaxon:9606	20181010	UniProt		UniProtKB:Q5MNZ9
WIPI1	UniProtKB	Q5MNZ9		GO:0006914	PMID:15602573	IEP		P	WD repeat domain phosphoinositide-interacting protein 1	WIPI49	protein	NCBITaxon:9606	20080415	UniProt		UniProtKB:Q5MNZ9
WIPI1	UniProtKB	Q5MNZ9		GO:0006914	PMID:17618624	IEP		P	WD repeat domain phosphoinositide-interacting protein 1	WIPI49	protein	NCBITaxon:9606	20080415	UniProt		UniProtKB:Q5MNZ9
WDR45B	UniProtKB	Q5MNZ6		GO:0000045	PMID:28561066	IMP		P	WD repeat domain phosphoinositide-interacting protein 3	WDR45L|WIPI3	protein	NCBITaxon:9606	20181010	UniProt		UniProtKB:Q5MNZ6
PRKN	UniProtKB	O60260		GO:0000422	PMID:19029340	IMP		P	E3 ubiquitin-protein ligase parkin	PARK2	protein	NCBITaxon:9606	20101122	UniProt		UniProtKB:O60260
PRKN	UniProtKB	O60260		GO:0000422	PMID:23933751	IMP		P	E3 ubiquitin-protein ligase parkin	PARK2	protein	NCBITaxon:9606	20140203	UniProt		UniProtKB:O60260
PRKN	UniProtKB	O60260		GO:0000422	PMID:24896179	IMP		P	E3 ubiquitin-protein ligase parkin	PARK2	protein	NCBITaxon:9606	20140701	UniProt		UniProtKB:O60260
PRKN	UniProtKB	O60260		GO:0000422	PMID:25621951	IDA		P	E3 ubiquitin-protein ligase parkin	PARK2	protein	NCBITaxon:9606	20150223	UniProt		UniProtKB:O60260
PRKN	UniProtKB	O60260		GO:0000423	PMID:23685073	IDA		P	E3 ubiquitin-protein ligase parkin	PARK2	protein	NCBITaxon:9606	20240327	UniProt		UniProtKB:O60260
PRKN	UniProtKB	O60260		GO:0000423	PMID:28017329	IDA		P	E3 ubiquitin-protein ligase parkin	PARK2	protein	NCBITaxon:9606	20200422	UniProt		UniProtKB:O60260
PRKN	UniProtKB	O60260		GO:0061734	PMID:19029340	IDA		P	E3 ubiquitin-protein ligase parkin	PARK2	protein	NCBITaxon:9606	20160618	ParkinsonsUK-UCL		UniProtKB:O60260
RUFY4	UniProtKB	Q6ZNE9		GO:0000045	PMID:26416964	IDA		P	RUN and FYVE domain-containing protein 4		protein	NCBITaxon:9606	20180808	UniProt		UniProtKB:Q6ZNE9
ATG14	UniProtKB	Q6ZNE5		GO:0000045	PMID:25891078	IDA		P	Beclin 1-associated autophagy-related key regulator	ATG14L|KIAA0831	protein	NCBITaxon:9606	20230525	UniProt		UniProtKB:Q6ZNE5
ATG14	UniProtKB	Q6ZNE5		GO:0000045	PMID:33637724	IDA		P	Beclin 1-associated autophagy-related key regulator	ATG14L|KIAA0831	protein	NCBITaxon:9606	20230525	UniProt		UniProtKB:Q6ZNE5
ATG14	UniProtKB	Q6ZNE5		GO:0000045	PMID:19270696	IMP		P	Beclin 1-associated autophagy-related key regulator	ATG14L|KIAA0831	protein	NCBITaxon:9606	20100625	UniProt		UniProtKB:Q6ZNE5
ATG14	UniProtKB	Q6ZNE5		GO:0000045	PMID:20713597	IDA		P	Beclin 1-associated autophagy-related key regulator	ATG14L|KIAA0831	protein	NCBITaxon:9606	20230525	UniProt		UniProtKB:Q6ZNE5
ATG14	UniProtKB	Q6ZNE5		GO:0000423	PMID:23878393	IMP		P	Beclin 1-associated autophagy-related key regulator	ATG14L|KIAA0831	protein	NCBITaxon:9606	20170301	ParkinsonsUK-UCL	GO:0098780	UniProtKB:Q6ZNE5
ATG14	UniProtKB	Q6ZNE5		GO:0016236	PMID:23878393	IMP		P	Beclin 1-associated autophagy-related key regulator	ATG14L|KIAA0831	protein	NCBITaxon:9606	20151116	ParkinsonsUK-UCL	GO:0009267	UniProtKB:Q6ZNE5
ATG14	UniProtKB	Q6ZNE5		GO:0016240	PMID:25686604	IDA		P	Beclin 1-associated autophagy-related key regulator	ATG14L|KIAA0831	protein	NCBITaxon:9606	20161116	GO_Central		UniProtKB:Q6ZNE5
ATG14	UniProtKB	Q6ZNE5		GO:0097352	PMID:10625637	IDA		P	Beclin 1-associated autophagy-related key regulator	ATG14L|KIAA0831	protein	NCBITaxon:9606	20250320	ComplexPortal		UniProtKB:Q6ZNE5
CSNK1A1	UniProtKB	P48729		GO:0000045	PMID:28890335	IDA		P	Casein kinase I isoform alpha		protein	NCBITaxon:9606	20230620	UniProt		UniProtKB:P48729
RUBCNL	UniProtKB	Q9H714		GO:0061909	PMID:28306502	IDA		P	Protein associated with UVRAG as autophagy enhancer	C13orf18|KIAA0226L	protein	NCBITaxon:9606	20190321	UniProt		UniProtKB:Q9H714
RUBCNL	UniProtKB	Q9H714		GO:0061910	PMID:28306502	IDA		P	Protein associated with UVRAG as autophagy enhancer	C13orf18|KIAA0226L	protein	NCBITaxon:9606	20190321	UniProt		UniProtKB:Q9H714
RUBCNL	UniProtKB	Q9H714		GO:0097352	PMID:28306502	IDA		P	Protein associated with UVRAG as autophagy enhancer	C13orf18|KIAA0226L	protein	NCBITaxon:9606	20190321	UniProt		UniProtKB:Q9H714
RUBCNL	UniProtKB	Q9H714		GO:0097352	PMID:30704899	IDA		P	Protein associated with UVRAG as autophagy enhancer	C13orf18|KIAA0226L	protein	NCBITaxon:9606	20190321	UniProt		UniProtKB:Q9H714
RETREG1	UniProtKB	Q9H6L5		GO:0061709	PMID:26040720	IMP		P	Reticulophagy regulator 1	FAM134B|JK1	protein	NCBITaxon:9606	20150624	GO_Central		UniProtKB:Q9H6L5
RETREG1	UniProtKB	Q9H6L5		GO:0061709	PMID:31930741	IMP		P	Reticulophagy regulator 1	FAM134B|JK1	protein	NCBITaxon:9606	20220711	UniProt		UniProtKB:Q9H6L5