Symbol;HAMDB_ID;Molecule_Activity;Effect_on;Disease_or_Function;Mutation_evidence;Biomarker_Application;Species_Evidence;Drug_target_evidence;Expression_evidence;Causal_or_Correlated;Findings;PMID
ABHD5;HAMDB842;increased activity;increases;autophagy by muscle cell lines;wild type;not applicable;Human;not applicable;not applicable;causal;1;25315780
ABL1;HAMDB843;increased activity;affects;autophagy;wild type;not applicable;Human;not applicable;not applicable;causal;1;20841568
ABL2;HAMDB844;increased activity;affects;autophagy;wild type;not applicable;Human;not applicable;not applicable;causal;1;20841568
ACBD5;HAMDB845;increased activity;increases;autophagy of peroxisomes;wild type;not applicable;Human;not applicable;not applicable;causal;2;24535825
AKT1;HAMDB854;increased activity;decreases;autophagy of brain cancer cell lines;wild type;not applicable;Human;not applicable;not applicable;causal;2;15833867
AKT1;HAMDB854;decreased activity;increases;autophagy of brain cancer cell lines;[dominant, loss of function];not applicable;Human;not applicable;not applicable;causal;2;15833867
AKT1;HAMDB854;decreased activity;increases;autophagy of brain cancer cell lines;wild type;not applicable;Human;not applicable;not applicable;causal;3;21307130
AKT1;HAMDB854;increased activity;decreases;autophagy;wild type;not applicable;Human;not applicable;not applicable;causal;1;18387192
AKT1;HAMDB854;decreased activity;increases;autophagy of prostate cancer cell lines;wild type;not applicable;Human;not applicable;not applicable;causal;1;18838554
AKT2;HAMDB855;decreased activity;increases;autophagy of brain cancer cell lines;wild type;not applicable;Human;not applicable;not applicable;causal;3;21307130
AKT2;HAMDB855;decreased activity;increases;autophagy of prostate cancer cell lines;wild type;not applicable;Human;not applicable;not applicable;causal;1;18838554
AKT3;HAMDB856;decreased activity;increases;autophagy of brain cancer cell lines;wild type;not applicable;Human;not applicable;not applicable;causal;3;21307130
AKT3;HAMDB856;decreased activity;increases;autophagy of vascular endothelial cells;wild type;not applicable;Human;not applicable;not applicable;causal;1;24081905
AKT3;HAMDB856;decreased activity;increases;autophagy of prostate cancer cell lines;wild type;not applicable;Human;not applicable;not applicable;causal;1;18838554
AMFR;HAMDB859;increased activity;increases;autophagy of mitochondria;wild type;not applicable;Human;not applicable;not applicable;causal;6;23427266
AMFR;HAMDB859;decreased activity;decreases;autophagy of mitochondria;wild type;not applicable;Human;not applicable;not applicable;causal;1;23427266
ANXA7;HAMDB860;increased activity;affects;autophagy;wild type;not applicable;Human;not applicable;not applicable;causal;1;24007983
APOL1;HAMDB862;increased activity;increases;autophagic cell death;wild type;not applicable;Human;not applicable;not applicable;causal;2;18505729
APOL6;HAMDB863;increased activity;increases;autophagy;wild type;not applicable;Human;not applicable;not applicable;causal;1;21646352
APP;HAMDB864;increased activity;increases;autophagy of brain cancer cell lines;wild type;not applicable;Human;not applicable;not applicable;causal;1;20660724
APP;HAMDB864;increased activity;increases;autophagy of hepatoma cell lines;wild type;not applicable;Human;not applicable;not applicable;causal;1;23505467
ARF6;HAMDB865;decreased activity;affects;formation of autophagosomes;wild type;not applicable;Human;not applicable;not applicable;causal;1;22351926
ARF6;HAMDB865;increased activity;affects;formation of autophagosomes;wild type;not applicable;Human;not applicable;not applicable;causal;3;22351926
ATG10;HAMDB869;increased activity;affects;autophagy;wild type;not applicable;Human;not applicable;not applicable;causal;1;15657430
ATG10;HAMDB869;decreased activity;decreases;autophagy of colorectal cancer cell lines;wild type;not applicable;Human;not applicable;not applicable;causal;1;23451179
ATG14;HAMDB872;increased activity;affects;macroautophagy of cells;wild type;not applicable;Human;not applicable;not applicable;causal;1;23878393
ATG16L1;HAMDB873;increased activity;increases;autophagy of dendritic cells;wild type;not applicable;Human;not applicable;not applicable;causal;1;19966812
ATG2A;HAMDB874;decreased activity;increases;accumulation of autophagosomes;wild type;not applicable;Human;not applicable;not applicable;causal;1;22219374
ATG2B;HAMDB875;decreased activity;increases;accumulation of autophagosomes;wild type;not applicable;Human;not applicable;not applicable;causal;1;22219374
ATG4B;HAMDB878;increased activity;affects;autophagy;wild type;not applicable;Human;not applicable;not applicable;causal;2;18387192
ATG4B;HAMDB878;increased activity;increases;accumulation of autophagic vacuoles;wild type;not applicable;Human;not applicable;not applicable;causal;1;12446702
ATG4C;HAMDB879;increased activity;affects;autophagy;wild type;not applicable;Human;not applicable;not applicable;causal;1;12446702
ATG4C;HAMDB879;increased activity;increases;accumulation of autophagic vacuoles;wild type;not applicable;Human;not applicable;not applicable;causal;1;12446702
ATG5;HAMDB881;decreased activity;decreases;autophagy of embryonic cell lines,autophagy of epithelial cell lines,autophagy of kidney cell lines;wild type;not applicable;Human;not applicable;not applicable;causal;1;18059169
ATG5;HAMDB881;unknown change in activity;increases;autophagic cell death;unclassified mutation;not applicable;Human;not applicable;not applicable;causal;2;15778222
ATG5;HAMDB881;increased activity;increases;autophagy of hepatoma cell lines;wild type;not applicable;Human;not applicable;not applicable;causal;1;18787411
ATG5;HAMDB881;increased activity;increases;autophagy of monocyte-derived macrophages;wild type;not applicable;Human;not applicable;not applicable;causal;1;21454634
ATG5;HAMDB881;unknown change in activity;increases;autophagic cell death;nonsense;not applicable;Human;not applicable;not applicable;causal;1;15778222
ATG5;HAMDB881;increased activity;increases;autophagy of dendritic cells;wild type;not applicable;Human;not applicable;not applicable;causal;1;19966812
ATG5;HAMDB881;decreased activity;decreases;autophagy of cervical cancer cell lines;wild type;not applicable;Human;not applicable;not applicable;causal;2;20529838
ATG5;HAMDB881;increased activity;increases;autophagy of carcinoma cell lines,autophagy of lung cancer cell lines;wild type;not applicable;Human;not applicable;not applicable;causal;1;25135833
ATG5;HAMDB881;decreased activity;decreases;autophagy of bone cancer cell lines,autophagy of sarcoma cell lines;wild type;not applicable;Human;not applicable;not applicable;causal;1;20181828
ATG5;HAMDB881;increased activity;increases;autophagic cell death;wild type;not applicable;Human;not applicable;not applicable;causal;1;15778222
ATG5;HAMDB881;decreased activity;decreases;accumulation of autophagosomes;wild type;not applicable;Human;not applicable;not applicable;causal;1;23836916
ATG7;HAMDB882;decreased activity;decreases;autophagy of breast cell lines;wild type;not applicable;Human;not applicable;not applicable;causal;1;21119005
ATG7;HAMDB882;decreased activity;decreases;autophagy of pancreatic cancer cell lines,macroautophagy of tumor cell lines;[homozygous, knockout];not applicable;Human;not applicable;not applicable;causal;1;26677873
ATG7;HAMDB882;decreased activity;decreases;autophagic cell death of brain cancer cell lines;wild type;not applicable;Human;not applicable;not applicable;causal;1;17671202
ATG7;HAMDB882;increased activity;increases;autophagy of dendritic cells;wild type;not applicable;Human;not applicable;not applicable;causal;1;19966812
ATG7;HAMDB882;decreased activity;decreases;autophagy of bone cancer cell lines,autophagy of sarcoma cell lines;wild type;not applicable;Human;not applicable;not applicable;causal;79;21577201
ATG7;HAMDB882;increased activity;increases;autophagy;wild type;not applicable;Human;not applicable;not applicable;causal;2;24681637
ATG7;HAMDB882;increased activity;increases;formation of autophagosomes;wild type;not applicable;Human;not applicable;not applicable;causal;1;23527187
ATG7;HAMDB882;increased activity;affects;autophagy;wild type;not applicable;Human;not applicable;not applicable;causal;1;25327288
ATG7;HAMDB882;increased activity;affects;macroautophagy of cells;wild type;not applicable;Human;not applicable;not applicable;causal;1;22354037
ATG7;HAMDB882;decreased activity;decreases;autophagy of breast cancer cell lines;wild type;not applicable;Human;not applicable;not applicable;causal;2;21119005
ATG7;HAMDB882;decreased activity;decreases;autophagy of brain cancer cell lines;wild type;not applicable;Human;not applicable;not applicable;causal;1;20660724
ATG7;HAMDB882;decreased activity;decreases;autophagic cell death of colorectal cancer cell lines;wild type;not applicable;Human;not applicable;not applicable;causal;1;17671202
ATG9;HAMDB883;increased activity;increases;formation of autophagosomes;wild type;not applicable;Human;not applicable;not applicable;causal;1;22456507
ATG9A;HAMDB884;decreased activity;decreases;formation of autophagosomes;wild type;not applicable;Human;not applicable;not applicable;causal;2;15755735
ATG9B;HAMDB885;increased activity;increases;formation of autophagosomes;wild type;not applicable;Human;not applicable;not applicable;causal;1;15755735
ATM;HAMDB886;increased activity;affects;autophagy;wild type;not applicable;Human;not applicable;not applicable;causal;1;23878245
AURKA;HAMDB888;decreased activity;increases;autophagic cell death;wild type;not applicable;Human;not applicable;not applicable;causal;3;22899799
BAD;HAMDB889;increased activity;increases;autophagy;wild type;not applicable;Human;not applicable;not applicable;causal;1;18309324
BAIAP2;HAMDB892;decreased activity;increases;autophagy of brain cancer cell lines;wild type;not applicable;Human;not applicable;not applicable;causal;1;20660724
BAX;HAMDB893;increased activity;increases;autophagy of cervical cancer cell lines;wild type;not applicable;Human;not applicable;not applicable;causal;1;19300452
BAX;HAMDB893;increased activity;increases;autophagy of bone cancer cell lines,autophagy of sarcoma cell lines;wild type;not applicable;Human;not applicable;not applicable;causal;2;19300452
BBC3;HAMDB894;increased activity;increases;autophagy of cervical cancer cell lines;wild type;not applicable;Human;not applicable;not applicable;causal;1;19300452
BBC3;HAMDB894;increased activity;increases;autophagy of bone cancer cell lines,autophagy of sarcoma cell lines;wild type;not applicable;Human;not applicable;not applicable;causal;2;19300452
BCL2;HAMDB896;increased activity;decreases;autophagy;wild type;not applicable;Human;not applicable;not applicable;causal;1;18309324
BCL2L1;HAMDB897;increased activity;increases;autophagy of colorectal cancer cell lines;wild type;not applicable;Human;not applicable;not applicable;causal;2;20090905
BCL2L1;HAMDB897;increased activity;decreases;autophagy of cervical cancer cell lines,autophagy of mitochondria;wild type;not applicable;Human;not applicable;not applicable;causal;1;25126723
BCL2L1;HAMDB897;decreased activity;decreases;autophagy of leukemia cell lines;wild type;not applicable;Human;not applicable;not applicable;causal;2;25895534
BCL2L1;HAMDB897;increased activity;increases;autophagy of mitochondria;wild type;not applicable;Human;not applicable;not applicable;causal;1;23209295
BCL2L1;HAMDB897;increased activity;increases;autophagy of prostate cancer cell lines;wild type;not applicable;Human;not applicable;not applicable;causal;1;20406981
BCL2L1;HAMDB897;increased activity;decreases;autophagy of mitochondria;wild type;not applicable;Human;not applicable;not applicable;causal;2;24999239
BCL2L11;HAMDB898;decreased activity;increases;autophagy of myeloma cell lines;wild type;not applicable;Human;not applicable;not applicable;causal;1;25208888
BCL2L11;HAMDB898;increased activity;decreases;autophagy of cervical cancer cell lines;wild type;not applicable;Human;not applicable;not applicable;causal;1;22742832
BCL2L11;HAMDB898;unknown change in activity;decreases;autophagy of cervical cancer cell lines;unclassified mutation;not applicable;Human;not applicable;not applicable;causal;1;22742832
BCL2L11;HAMDB898;unknown change in activity;affects;autophagy of cervical cancer cell lines;unclassified mutation;not applicable;Human;not applicable;not applicable;causal;1;22742832
BECN1;HAMDB899;decreased activity;decreases;autophagy of embryonic cell lines,autophagy of epithelial cell lines,autophagy of kidney cell lines;wild type;not applicable;Human;not applicable;not applicable;causal;1;18059169
BECN1;HAMDB899;decreased activity;decreases;autophagy of leukemia cell lines;wild type;not applicable;Human;not applicable;not applicable;causal;1;18628207
BECN1;HAMDB899;increased activity;increases;autophagy of lung cell lines;wild type;not applicable;Human;not applicable;not applicable;causal;1;24830721
BECN1;HAMDB899;decreased activity;decreases;autophagy of stomach cancer cell lines;wild type;not applicable;Human;not applicable;not applicable;causal;1;21512143
BECN1;HAMDB899;decreased activity;decreases;autophagic cell death of brain cancer cell lines;wild type;not applicable;Human;not applicable;not applicable;causal;1;17671202
BECN1;HAMDB899;decreased activity;decreases;autophagy of cervical cancer cell lines;wild type;not applicable;Human;not applicable;not applicable;causal;1;23954414
BECN1;HAMDB899;decreased activity;decreases;autophagy of Cytoplasm;wild type;not applicable;Human;not applicable;not applicable;causal;2;17200184
BECN1;HAMDB899;decreased activity;decreases;autophagy of vascular endothelial cells;wild type;not applicable;Human;not applicable;not applicable;causal;2;17272502
BECN1;HAMDB899;increased activity;affects;autophagy of Cytoplasm;wild type;not applicable;Human;not applicable;not applicable;causal;2;17200184
BECN1;HAMDB899;increased activity;affects;autophagy;wild type;not applicable;Human;not applicable;not applicable;causal;1;24056303
BECN1;HAMDB899;decreased activity;decreases;autophagy of tumor cell lines;wild type;not applicable;Human;not applicable;not applicable;causal;1;20634405
BECN1;HAMDB899;decreased activity;decreases;autophagy of breast cancer cell lines;wild type;not applicable;Human;not applicable;not applicable;causal;2;20529838
BECN1;HAMDB899;decreased activity;decreases;autophagy of brain cancer cell lines;wild type;not applicable;Human;not applicable;not applicable;causal;4;16390869
BECN1;HAMDB899;decreased activity;decreases;autophagy of carcinoma cell lines,autophagy of lung cancer cell lines;wild type;not applicable;Human;not applicable;not applicable;causal;1;19066474
BECN1;HAMDB899;decreased activity;decreases;autophagy of neuroblastoma cell lines;wild type;not applicable;Human;not applicable;not applicable;causal;2;20057503
BECN1;HAMDB899;increased activity;increases;autophagy of breast cancer cell lines;wild type;not applicable;Human;not applicable;not applicable;causal;4;11309306
BECN1;HAMDB899;increased activity;increases;autophagy of monocyte-derived macrophages;wild type;not applicable;Human;not applicable;not applicable;causal;1;21454634
BECN1;HAMDB899;increased activity;increases;autophagy of colorectal cancer cell lines;wild type;not applicable;Human;not applicable;not applicable;causal;1;21444671
BECN1;HAMDB899;increased activity;increases;autophagy of embryonic cell lines,autophagy of epithelial cell lines,autophagy of kidney cell lines;wild type;not applicable;Human;not applicable;not applicable;causal;3;12372286
BECN1;HAMDB899;increased activity;increases;autophagy;wild type;not applicable;Human;not applicable;not applicable;causal;1;23184933
BECN1;HAMDB899;increased activity;decreases;autophagy of cervical cancer cell lines;wild type;not applicable;Human;not applicable;not applicable;causal;3;22742832
BECN1;HAMDB899;increased activity;increases;autophagy of lung cancer cell lines;wild type;not applicable;Human;not applicable;not applicable;causal;1;20010695
BECN1;HAMDB899;decreased activity;decreases;autophagic cell death of colorectal cancer cell lines;wild type;not applicable;Human;not applicable;not applicable;causal;1;17671202
BIRC2;HAMDB901;decreased activity;decreases;autophagy of endothelial cells;wild type;not applicable;Human;not applicable;not applicable;causal;2;20458734
BIRC5;HAMDB902;decreased activity;decreases;autophagy of leukemia cell lines;wild type;not applicable;Human;not applicable;not applicable;causal;1;24556686
BIRC6;HAMDB903;decreased activity;decreases;formation of autophagosomes;wild type;not applicable;Human;not applicable;not applicable;causal;1;23409057
BNIP3;HAMDB905;unknown change in activity;decreases;autophagy of brain cancer cell lines;unclassified mutation;not applicable;Human;not applicable;not applicable;causal;1;15592527
BNIP3;HAMDB905;increased activity;increases;autophagy of lung cell lines;wild type;not applicable;Human;not applicable;not applicable;causal;1;19273585
BNIP3;HAMDB905;increased activity;increases;macroautophagy of cells;wild type;not applicable;Human;not applicable;not applicable;causal;1;19273585
BNIP3;HAMDB905;increased activity;increases;autophagy of colorectal cancer cell lines;wild type;not applicable;Human;not applicable;not applicable;causal;2;19273585
BNIP3;HAMDB905;unknown change in activity;increases;autophagy of mitochondria;unclassified mutation;not applicable;Human;not applicable;not applicable;causal;1;22505714
BNIP3;HAMDB905;increased activity;increases;autophagy;wild type;not applicable;Human;not applicable;not applicable;causal;1;18309324
BNIP3;HAMDB905;decreased activity;decreases;autophagy of colorectal cancer cell lines;wild type;not applicable;Human;not applicable;not applicable;causal;1;20368736
BNIP3;HAMDB905;decreased activity;decreases;autophagy of prostate cancer cell lines;wild type;not applicable;Human;not applicable;not applicable;causal;2;19273585
BNIP3;HAMDB905;increased activity;increases;autophagy of brain cancer cell lines;wild type;not applicable;Human;not applicable;not applicable;causal;4;15592527
BNIP3;HAMDB905;increased activity;increases;autophagy of mitochondria;wild type;not applicable;Human;not applicable;not applicable;causal;1;22505714
BNIP3;HAMDB905;unknown change in activity;increases;autophagy of endoplasmic reticulum;unclassified mutation;not applicable;Human;not applicable;not applicable;causal;1;22505714
BNIP3;HAMDB905;decreased activity;decreases;autophagy of brain cancer cell lines;wild type;not applicable;Human;not applicable;not applicable;causal;1;18059169
BNIP3;HAMDB905;increased activity;increases;autophagy of endoplasmic reticulum;wild type;not applicable;Human;not applicable;not applicable;causal;1;22505714
BNIP3L;HAMDB906;decreased activity;decreases;autophagy of prostate cancer cell lines;wild type;not applicable;Human;not applicable;not applicable;causal;2;19273585
BNIP3L;HAMDB906;increased activity;increases;macroautophagy of cells;wild type;not applicable;Human;not applicable;not applicable;causal;1;19273585
BOK;HAMDB907;increased activity;affects;autophagy;wild type;not applicable;Human;not applicable;not applicable;causal;1;24113155
BST2;HAMDB909;increased activity;increases;autophagy of cervical cancer cell lines;wild type;not applicable;Human;not applicable;not applicable;causal;1;25631043
BST2;HAMDB909;decreased activity;decreases;autophagy of cervical cancer cell lines;wild type;not applicable;Human;not applicable;not applicable;causal;1;25631043
C19orf12;HAMDB910;increased activity;affects;autophagy;wild type;not applicable;Human;not applicable;not applicable;causal;1;26136767
C9orf72;HAMDB911;increased activity;affects;autophagy;wild type;not applicable;Human;not applicable;not applicable;causal;1;24549040
CALCOCO2;HAMDB912;decreased activity;decreases;autophagy of Salmonella enterica subsp. enterica serovar Typhimurium str. 14028S;wild type;not applicable;Human;not applicable;not applicable;causal;1;19820708
CAMP;HAMDB915;increased activity;affects;autophagy of monocytes;wild type;not applicable;Human;not applicable;not applicable;causal;2;19748465
CAPN1;HAMDB916;decreased activity;increases;autophagy of brain cancer cell lines;wild type;not applicable;Human;not applicable;not applicable;causal;2;19901552
CAPNS1;HAMDB918;decreased activity;decreases;autophagy of bone cancer cell lines,autophagy of sarcoma cell lines;wild type;not applicable;Human;not applicable;not applicable;causal;2;17101693
CAT;HAMDB924;increased activity;decreases;autophagy of breast cell lines;wild type;not applicable;Human;not applicable;not applicable;causal;1;21300795
CATSPER4;HAMDB925;decreased activity;decreases;autophagy of brain cancer cell lines;wild type;not applicable;Human;not applicable;not applicable;causal;1;20660724
CCND1;HAMDB927;decreased activity;increases;autophagy of endothelial cell lines;wild type;not applicable;Human;not applicable;not applicable;causal;1;23041550
CDKN1B;HAMDB931;increased activity;affects;autophagic cell death;wild type;not applicable;Human;not applicable;not applicable;causal;1;12698196
CDKN2A;HAMDB932;increased activity;increases;autophagy of cervical cancer cell lines,autophagy of mitochondria;wild type;not applicable;Human;not applicable;not applicable;causal;3;25217637
CDKN2A;HAMDB932;increased activity;increases;autophagy of brain cancer cell lines;wild type;not applicable;Human;not applicable;not applicable;causal;1;20807803
CDKN2D;HAMDB933;increased activity;affects;autophagic cell death;wild type;not applicable;Human;not applicable;not applicable;causal;1;16322758
CDKN2D;HAMDB933;decreased activity;increases;autophagy of brain cancer cell lines;wild type;not applicable;Human;not applicable;not applicable;causal;1;20660724
CHEK1;HAMDB936;decreased activity;increases;autophagy of colorectal cancer cell lines;wild type;not applicable;Human;not applicable;not applicable;causal;1;20368736
CHMP2A;HAMDB937;increased activity;affects;macroautophagy of cells;wild type;not applicable;Human;not applicable;not applicable;causal;1;20588296
CHMP2B;HAMDB938;increased activity;affects;autophagy;wild type;not applicable;Human;not applicable;not applicable;causal;3;24095276
CHMP2B;HAMDB938;increased activity;affects;macroautophagy of cells;wild type;not applicable;Human;not applicable;not applicable;causal;1;20588296
CHMP3;HAMDB939;increased activity;affects;macroautophagy of cells;wild type;not applicable;Human;not applicable;not applicable;causal;1;20588296
CHMP4A;HAMDB940;increased activity;affects;macroautophagy of cells;wild type;not applicable;Human;not applicable;not applicable;causal;1;20588296
CHMP4B;HAMDB941;increased activity;affects;autophagy;wild type;not applicable;Human;not applicable;not applicable;causal;2;24095276
CHMP4B;HAMDB941;increased activity;affects;macroautophagy of cells;wild type;not applicable;Human;not applicable;not applicable;causal;1;20588296
CHMP4C;HAMDB942;increased activity;affects;macroautophagy of cells;wild type;not applicable;Human;not applicable;not applicable;causal;1;20588296
CHMP6;HAMDB943;increased activity;affects;macroautophagy of cells;wild type;not applicable;Human;not applicable;not applicable;causal;1;20588296
CHRND;HAMDB944;decreased activity;increases;autophagy of brain cancer cell lines;wild type;not applicable;Human;not applicable;not applicable;causal;1;20660724
CHUK;HAMDB945;decreased activity;decreases;autophagy of colorectal cancer cell lines;wild type;not applicable;Human;not applicable;not applicable;causal;1;21460857
CHUK;HAMDB945;decreased activity;decreases;autophagy of cervical cancer cell lines;wild type;not applicable;Human;not applicable;not applicable;causal;5;19959994
CISD1;HAMDB946;decreased activity;increases;autophagy of breast cancer cell lines;wild type;not applicable;Human;not applicable;not applicable;causal;1;23959881
CISD2;HAMDB947;increased activity;affects;autophagy;wild type;not applicable;Human;not applicable;not applicable;causal;1;20010695
CISD2;HAMDB947;decreased activity;increases;autophagy of breast cancer cell lines;wild type;not applicable;Human;not applicable;not applicable;causal;1;23959881
CLTC;HAMDB951;decreased activity;affects;formation of autophagosomes;wild type;not applicable;Human;not applicable;not applicable;causal;1;20639872
COPZ1;HAMDB952;decreased activity;decreases;autophagy of prostate cancer cell lines;wild type;not applicable;Human;not applicable;not applicable;causal;1;21746916
COX5A;HAMDB953;decreased activity;increases;autophagy of brain cancer cell lines;wild type;not applicable;Human;not applicable;not applicable;causal;3;20660724
CTNNB1;HAMDB956;unknown change in activity;decreases;formation of autophagosomes;unclassified mutation;not applicable;Human;not applicable;not applicable;causal;1;23736261
CTSL;HAMDB958;increased activity;decreases;autophagy of monocyte-derived macrophages;wild type;not applicable;Human;not applicable;not applicable;causal;2;21700710
CXCL12;HAMDB959;decreased activity;increases;autophagy of brain cancer cell lines;wild type;not applicable;Human;not applicable;not applicable;causal;1;20660724
CXCR3;HAMDB960;increased activity;decreases;autophagy of breast cancer cell lines;wild type;not applicable;Human;not applicable;not applicable;causal;1;24366869
CYB5A;HAMDB962;increased activity;increases;autophagy of endoplasmic reticulum;wild type;not applicable;Human;not applicable;not applicable;causal;1;22505714
DAP;HAMDB965;increased activity;decreases;autophagy;wild type;not applicable;Human;not applicable;not applicable;causal;1;20537536
DAP3;HAMDB966;decreased activity;decreases;autophagy of cervical cancer cell lines;wild type;not applicable;Human;not applicable;not applicable;causal;1;26306039
DAPK1;HAMDB967;increased activity;affects;autophagy;wild type;not applicable;Human;not applicable;not applicable;causal;1;16756490
DAPK1;HAMDB967;increased activity;increases;autophagy;wild type;not applicable;Human;not applicable;not applicable;causal;1;22095288
DAPK1;HAMDB967;decreased activity;decreases;autophagy of hepatoma cell lines;wild type;not applicable;Human;not applicable;not applicable;causal;1;19903843
DAPK2;HAMDB968;increased activity;affects;autophagy;wild type;not applicable;Human;not applicable;not applicable;causal;1;16756490
DAPK3;HAMDB969;increased activity;affects;autophagy;wild type;not applicable;Human;not applicable;not applicable;causal;1;16756490
DCN;HAMDB970;increased activity;increases;autophagy of breast cancer cell lines,autophagy of mitochondria;wild type;not applicable;Human;not applicable;not applicable;causal;1;24403067
DCN;HAMDB970;increased activity;increases;autophagy;wild type;not applicable;Human;not applicable;not applicable;causal;1;23798385
DCN;HAMDB970;increased activity;increases;macroautophagy of cells;wild type;not applicable;Human;not applicable;not applicable;causal;1;23798385
DEPTOR;HAMDB974;increased activity;affects;autophagy of breast cancer cell lines;wild type;not applicable;Human;not applicable;not applicable;causal;1;22017876
DEPTOR;HAMDB974;increased activity;affects;autophagy of cervical cancer cell lines;wild type;not applicable;Human;not applicable;not applicable;causal;1;22017876
DICER1;HAMDB975;decreased activity;decreases;autophagy of leukemia cell lines;wild type;not applicable;Human;not applicable;not applicable;causal;1;22350415
DICER1;HAMDB975;decreased activity;decreases;autophagy of cancer cells;wild type;not applicable;Human;not applicable;not applicable;causal;1;22350415
DNAJA3;HAMDB976;[decreased activity, increased activity];[decreases, increases];autophagy of fibroblast cell lines;wild type;not applicable;[Human, Mouse];not applicable;not applicable;causal;2;26055714
DNAJA3;HAMDB976;increased activity;increases;formation of autophagosomes;wild type;not applicable;Human;not applicable;not applicable;causal;4;26055714
DNAJA3;HAMDB976;decreased activity;decreases;autophagy of bone cancer cell lines,autophagy of sarcoma cell lines;wild type;not applicable;Human;not applicable;not applicable;causal;2;26055714
DNM1L;HAMDB977;decreased activity;decreases;autophagy of mitochondria,autophagy of neuroblastoma cell lines;[dominant, loss of function];not applicable;Human;not applicable;not applicable;causal;1;19279012
DRAM1;HAMDB978;increased activity;affects;autophagy;wild type;not applicable;Human;not applicable;not applicable;causal;1;19895784
DRAM1;HAMDB978;decreased activity;decreases;autophagy of CD4+ T-lymphocytes;wild type;not applicable;Human;not applicable;not applicable;causal;1;23658518
DRAM2;HAMDB979;increased activity;affects;autophagy;wild type;not applicable;Human;not applicable;not applicable;causal;1;19895784
E2F1;HAMDB982;decreased activity;decreases;autophagy of bone cancer cell lines,autophagy of sarcoma cell lines;wild type;not applicable;Human;not applicable;not applicable;causal;1;20454448
EEF2;HAMDB983;decreased activity;decreases;autophagy of brain cancer cell lines;wild type;not applicable;Human;not applicable;not applicable;causal;8;21307130
EEF2K;HAMDB984;decreased activity;decreases;autophagy of brain cancer cell lines;wild type;not applicable;Human;not applicable;not applicable;causal;2;19244119
EGFR;HAMDB985;decreased activity;increases;autophagy of breast cancer cell lines;unclassified mutation;not applicable;Human;not applicable;not applicable;causal;1;25594178
EIF2AK2;HAMDB987;decreased activity;decreases;accumulation of autophagosomes;[dominant, loss of function];not applicable;Human;not applicable;not applicable;causal;1;23527187
EIF2AK3;HAMDB988;increased activity;increases;autophagy of breast cell lines;wild type;not applicable;Human;not applicable;not applicable;causal;1;21709020
EIF2AK3;HAMDB988;increased activity;increases;autophagy of hepatoma cell lines;wild type;not applicable;Human;not applicable;not applicable;causal;1;18787411
EIF4EBP1;HAMDB991;decreased activity;increases;autophagy;wild type;not applicable;Human;not applicable;not applicable;causal;3;19773438
EIF4G1;HAMDB992;decreased activity;increases;autophagy of breast cell lines;wild type;not applicable;Human;not applicable;not applicable;causal;1;23112151
EIF4G1;HAMDB992;increased activity;decreases;autophagy;wild type;not applicable;Human;not applicable;not applicable;causal;1;18426977
EIF4G2;HAMDB993;increased activity;decreases;autophagy;wild type;not applicable;Human;not applicable;not applicable;causal;1;18426977
ENG;HAMDB994;decreased activity;decreases;autophagy of vascular endothelial cells;wild type;not applicable;Human;not applicable;not applicable;causal;2;25931117
EP300;HAMDB995;increased activity;affects;autophagy;wild type;not applicable;Human;not applicable;not applicable;causal;1;24852146
EP300;HAMDB995;decreased activity;increases;autophagy of brain cancer cell lines;wild type;not applicable;Human;not applicable;not applicable;causal;1;20660724
EP300;HAMDB995;increased activity;increases;autophagy of bone cancer cell lines,autophagy of sarcoma cell lines;wild type;not applicable;Human;not applicable;not applicable;causal;4;24560926
EPHB2;HAMDB997;increased activity;increases;autophagy of embryonic cell lines,autophagy of epithelial cell lines,autophagy of kidney cell lines;wild type;not applicable;Human;not applicable;not applicable;causal;2;20046096
EPM2A;HAMDB998;increased activity;increases;macroautophagy of cells;wild type;not applicable;Human;not applicable;not applicable;causal;1;20453062
ERN1;HAMDB1002;decreased activity;decreases;autophagy of colorectal cancer cell lines;wild type;not applicable;Human;not applicable;not applicable;causal;2;17620365
EXOC2;HAMDB1004;increased activity;increases;autophagy of breast cancer cell lines;wild type;not applicable;Human;not applicable;not applicable;causal;2;25594178
FADD;HAMDB1005;increased activity;increases;autophagy of hepatoma cell lines;wild type;not applicable;Human;not applicable;not applicable;causal;1;18787411
FADD;HAMDB1005;increased activity;increases;autophagy of epithelial cells;wild type;not applicable;Human;not applicable;not applicable;causal;2;15635090
FAS;HAMDB1006;increased activity;increases;autophagy of hepatoma cell lines;wild type;not applicable;Human;not applicable;not applicable;causal;1;18787411
FBXL2;HAMDB1007;increased activity;affects;autophagy;wild type;not applicable;Human;not applicable;not applicable;causal;1;23604317
FBXL20;HAMDB1008;decreased activity;increases;autophagy of brain cancer cell lines;wild type;not applicable;Human;not applicable;not applicable;causal;1;20660724
FBXO7;HAMDB1009;increased activity;affects;autophagy of mitochondria;wild type;not applicable;Human;not applicable;not applicable;causal;1;23933751
FIS1;HAMDB1011;increased activity;affects;autophagy of mitochondria;wild type;not applicable;Human;not applicable;not applicable;causal;1;18515060
FLCN;HAMDB1013;increased activity;increases;autophagy;wild type;not applicable;Human;not applicable;not applicable;causal;1;25126726
FN1;HAMDB1015;increased activity;increases;autophagy of fibroblast cell lines;wild type;not applicable;Human;not applicable;not applicable;causal;1;22918248
FOXO1;HAMDB1016;increased activity;increases;autophagy of colorectal cancer cell lines;wild type;not applicable;Human;not applicable;not applicable;causal;2;20543840
FOXO1;HAMDB1016;increased activity;increases;autophagy;wild type;not applicable;Human;not applicable;not applicable;causal;1;20543840
FUNDC1;HAMDB1018;[decreased activity, increased activity];[decreases, increases];autophagy of cervical cancer cell lines,autophagy of mitochondria;wild type;not applicable;Human;not applicable;not applicable;causal;1;22267086
FUNDC1;HAMDB1018;increased activity;increases;autophagy of cervical cancer cell lines,autophagy of mitochondria;wild type;not applicable;Human;not applicable;not applicable;causal;1;25126723
FUNDC1;HAMDB1018;decreased activity;decreases;autophagy of cervical cancer cell lines,autophagy of mitochondria;wild type;not applicable;Human;not applicable;not applicable;causal;3;22267086
FUNDC1;HAMDB1018;increased activity;affects;autophagy of mitochondria;wild type;not applicable;Human;not applicable;not applicable;causal;1;22267086
FUNDC1;HAMDB1018;unknown change in activity;decreases;autophagy of cervical cancer cell lines,autophagy of mitochondria;unclassified mutation;not applicable;Human;not applicable;not applicable;causal;4;22267086
GAA;HAMDB1019;unknown change in activity;increases;macroautophagy of fibroblasts;unclassified mutation;not applicable;Human;not applicable;not applicable;causal;3;21982629
GAB1;HAMDB1020;decreased activity;decreases;autophagy of brain cancer cell lines;wild type;not applicable;Human;not applicable;not applicable;causal;1;20660724
GABARAPL1;HAMDB1021;decreased activity;decreases;autophagy of prostate cancer cell lines;wild type;not applicable;Human;not applicable;not applicable;causal;1;17620365
GABARAPL1;HAMDB1021;decreased activity;decreases;autophagy of colorectal cancer cell lines;wild type;not applicable;Human;not applicable;not applicable;causal;1;17620365
GABARAPL2;HAMDB1022;increased activity;increases;maturation of autophagosomes;wild type;not applicable;Human;not applicable;not applicable;causal;2;20418806
GABARAPL2;HAMDB1022;increased activity;increases;autophagy of cervical cancer cell lines;wild type;not applicable;Human;not applicable;not applicable;causal;2;20418806
GABBR2;HAMDB1023;decreased activity;increases;autophagy of brain cancer cell lines;wild type;not applicable;Human;not applicable;not applicable;causal;1;20660724
GHRL;HAMDB1026;increased activity;decreases;autophagy of brain cancer cell lines;wild type;not applicable;Human;not applicable;not applicable;causal;1;20660724
GJA4;HAMDB1027;decreased activity;increases;autophagy of brain cancer cell lines;wild type;not applicable;Human;not applicable;not applicable;causal;1;20660724
GNAI3;HAMDB1029;increased activity;decreases;autophagy of colorectal cancer cell lines;wild type;not applicable;Human;not applicable;not applicable;causal;2;10836135
GNRH2;HAMDB1030;decreased activity;increases;autophagy of brain cancer cell lines;wild type;not applicable;Human;not applicable;not applicable;causal;1;20660724
GOLGA2;HAMDB1031;increased activity;decreases;autophagy;wild type;not applicable;Human;not applicable;not applicable;causal;1;22735382
GOPC;HAMDB1032;increased activity;increases;autophagy of embryonic cell lines,autophagy of epithelial cell lines,autophagy of kidney cell lines;wild type;not applicable;Human;not applicable;not applicable;causal;1;12372286
GPR18;HAMDB1033;decreased activity;decreases;autophagy of brain cancer cell lines;wild type;not applicable;Human;not applicable;not applicable;causal;1;20660724
GPR182;HAMDB1034;decreased activity;increases;autophagy of brain cancer cell lines;wild type;not applicable;Human;not applicable;not applicable;causal;1;20660724
GPR37;HAMDB1035;increased activity;increases;autophagy of embryonic cell lines,autophagy of epithelial cell lines,autophagy of kidney cell lines;wild type;not applicable;Human;not applicable;not applicable;causal;1;19218498
GRID2;HAMDB1036;unknown change in activity;increases;autophagy of embryonic cell lines,autophagy of epithelial cell lines,autophagy of kidney cell lines;gain-of-function;not applicable;Human;not applicable;not applicable;causal;1;12372286
GSK3B;HAMDB1038;decreased activity;increases;autophagy of pancreatic cancer cell lines;wild type;not applicable;Human;not applicable;not applicable;causal;1;25561726
GSK3B;HAMDB1038;decreased activity;increases;autophagy of prostate cancer cell lines;wild type;not applicable;Human;not applicable;not applicable;causal;4;20159967
GTF2IRD2/GTF2IRD2B;HAMDB1039;decreased activity;increases;autophagy of brain cancer cell lines;wild type;not applicable;Human;not applicable;not applicable;causal;1;20159967
HDAC6;HAMDB1043;increased activity;affects;autophagy;wild type;not applicable;Human;not applicable;not applicable;causal;1;25548531
HDAC6;HAMDB1043;increased activity;affects;macroautophagy of cells;wild type;not applicable;Human;not applicable;not applicable;causal;1;16192271
HGS;HAMDB1045;increased activity;affects;macroautophagy of cells;wild type;not applicable;Human;not applicable;not applicable;causal;1;20588296
HIF1A;HAMDB1046;unknown change in activity;decreases;autophagy of tumor cell lines;unclassified mutation;not applicable;Human;not applicable;not applicable;causal;4;20634405
HIVEP2;HAMDB1047;decreased activity;increases;autophagy of brain cancer cell lines;wild type;not applicable;Human;not applicable;not applicable;causal;1;20660724
HMGB1;HAMDB1048;increased activity;affects;autophagy;wild type;not applicable;Human;not applicable;not applicable;causal;1;20819940
HRAS;HAMDB1050;unknown change in activity;increases;autophagy of breast cell lines;gain-of-function;not applicable;Human;not applicable;not applicable;causal;1;21119005
HSF1;HAMDB1051;decreased activity;decreases;autophagy of breast cancer cell lines;wild type;not applicable;Human;not applicable;not applicable;causal;2;23386620
HSP90AA1;HAMDB1052;increased activity;affects;chaperone mediated autophagy;wild type;not applicable;Human;not applicable;not applicable;causal;1;25719862
HSPA8;HAMDB1054;increased activity;affects;chaperone mediated autophagy;wild type;not applicable;Human;not applicable;not applicable;causal;2;25719862
HSPG2;HAMDB1056;increased activity;increases;autophagy of vascular endothelial cells;wild type;not applicable;Human;not applicable;not applicable;causal;1;24737315
HSPG2;HAMDB1056;increased activity;increases;autophagy of endothelial cell lines;wild type;not applicable;Human;not applicable;not applicable;causal;1;24737315
HTR2B;HAMDB1057;increased activity;decreases;autophagy;wild type;not applicable;Human;not applicable;not applicable;causal;1;20099302
HTT;HAMDB1058;increased activity;increases;autophagy;wild type;not applicable;Human;not applicable;not applicable;causal;1;15167929
ICMT;HAMDB1059;decreased activity;increases;autophagy of cervical cancer cell lines;wild type;not applicable;Human;not applicable;not applicable;causal;1;21852230
ICMT;HAMDB1059;decreased activity;increases;autophagy of prostate cancer cell lines;wild type;not applicable;Human;not applicable;not applicable;causal;1;21852230
IFNG;HAMDB1061;increased activity;increases;autophagy;wild type;not applicable;Human;not applicable;not applicable;causal;1;26347139
IFNG;HAMDB1061;increased activity;increases;autophagy of monocytes;wild type;not applicable;Human;not applicable;not applicable;causal;1;22003202
IKBKB;HAMDB1067;decreased activity;decreases;autophagy of colorectal cancer cell lines;wild type;not applicable;Human;not applicable;not applicable;causal;1;21460857
IKBKB;HAMDB1067;decreased activity;decreases;autophagy of cervical cancer cell lines;wild type;not applicable;Human;not applicable;not applicable;causal;5;19959994
IKBKG;HAMDB1068;decreased activity;decreases;autophagy of colorectal cancer cell lines;wild type;not applicable;Human;not applicable;not applicable;causal;1;21460857
IKBKG;HAMDB1068;decreased activity;decreases;autophagy of cervical cancer cell lines;wild type;not applicable;Human;not applicable;not applicable;causal;5;19959994
IL24;HAMDB1073;increased activity;increases;autophagy of glioblastoma cells;wild type;not applicable;Human;not applicable;not applicable;causal;2;20103619
IL24;HAMDB1073;increased activity;increases;autophagy of prostate cancer cell lines;wild type;not applicable;Human;not applicable;not applicable;causal;1;20406981
IL6;HAMDB1076;increased activity;decreases;autophagy of lung cell lines;wild type;not applicable;Human;not applicable;not applicable;causal;1;24830721
IL6;HAMDB1076;increased activity;decreases;autophagy of epithelial cells;wild type;not applicable;Human;not applicable;not applicable;causal;1;24830721
IL6;HAMDB1076;increased activity;decreases;autophagy of epithelial cell lines;wild type;not applicable;Human;not applicable;not applicable;causal;1;24830721
IRGM;HAMDB1079;increased activity;increases;autophagy;wild type;not applicable;Human;not applicable;not applicable;causal;1;21102437
IRGM;HAMDB1079;increased activity;increases;autophagy of lymphoma cell lines;wild type;not applicable;Human;not applicable;not applicable;causal;1;21102437
ITGB4;HAMDB1081;increased activity;affects;autophagy;wild type;not applicable;Human;not applicable;not applicable;causal;1;24007983
ITGB4;HAMDB1081;decreased activity;increases;autophagic cell death by carcinoma cell lines;wild type;not applicable;Human;not applicable;not applicable;causal;2;18959757
ITPR1;HAMDB1082;increased activity;affects;autophagy;wild type;not applicable;Human;not applicable;not applicable;causal;1;22770472
KAT8;HAMDB1083;increased activity;affects;autophagy;wild type;not applicable;Human;not applicable;not applicable;causal;1;23863932
KDM4A;HAMDB1084;increased activity;decreases;autophagy;wild type;not applicable;Human;not applicable;not applicable;causal;1;25660547
KDR;HAMDB1085;increased activity;increases;macroautophagy of cells;wild type;not applicable;Human;not applicable;not applicable;causal;1;23798385
KIAA1524;HAMDB1086;increased activity;decreases;autophagy of breast cancer cell lines;wild type;not applicable;Human;not applicable;not applicable;causal;2;24590173
KIF25;HAMDB1087;increased activity;decreases;autophagy;wild type;not applicable;Human;not applicable;not applicable;causal;1;22354037
KIF5C;HAMDB1088;decreased activity;decreases;autophagy of brain cancer cell lines;wild type;not applicable;Human;not applicable;not applicable;causal;1;20660724
KRAS;HAMDB1089;unknown change in activity;increases;autophagy of breast cell lines;gain-of-function;not applicable;Human;not applicable;not applicable;causal;5;21300795
KRT18;HAMDB1090;decreased activity;increases;autophagy of brain cancer cell lines;wild type;not applicable;Human;not applicable;not applicable;causal;1;20660724
LACRT;HAMDB1091;increased activity;increases;macroautophagy of cells;wild type;not applicable;Human;not applicable;not applicable;causal;1;23640897
LAMP2;HAMDB1093;increased activity;affects;chaperone mediated autophagy;wild type;not applicable;Human;not applicable;not applicable;causal;2;27628032
LAMP3;HAMDB1094;increased activity;affects;autophagy;wild type;not applicable;Human;not applicable;not applicable;causal;1;25681212
LAPTM4B;HAMDB1095;increased activity;increases;autophagy of breast cancer cell lines;wild type;not applicable;Human;not applicable;not applicable;causal;2;25594178
LARP1;HAMDB1096;increased activity;increases;macroautophagy of cells;wild type;not applicable;Human;not applicable;not applicable;causal;1;22354037
LEP;HAMDB1097;increased activity;decreases;autophagy;wild type;not applicable;Human;not applicable;not applicable;causal;1;25060689
LEPR;HAMDB1098;increased activity;decreases;autophagy;wild type;not applicable;Human;not applicable;not applicable;causal;1;25060689
LETM1;HAMDB1099;decreased activity;increases;autophagy of cervical cancer cell lines;wild type;not applicable;Human;not applicable;not applicable;causal;1;25077561
LOC102724788/PRODH;HAMDB1101;decreased activity;decreases;autophagy of neuroblastoma cell lines;wild type;not applicable;Human;not applicable;not applicable;causal;1;26330555
LRRK2;HAMDB1102;increased activity;affects;autophagy;wild type;not applicable;Human;not applicable;not applicable;causal;1;24211199
LRRK2;HAMDB1102;increased activity;decreases;macroautophagy of cells;wild type;not applicable;Human;not applicable;not applicable;causal;1;19640926
LRRK2;HAMDB1102;increased activity;increases;autophagy;wild type;not applicable;Human;not applicable;not applicable;causal;1;22012985
LZTS1;HAMDB1103;increased activity;decreases;macroautophagy of cells;wild type;not applicable;Human;not applicable;not applicable;causal;1;22354037
MAP1LC3A;HAMDB1105;increased activity;affects;autophagy of mitochondria;wild type;not applicable;Human;not applicable;not applicable;causal;1;22267086
MAP1LC3A;HAMDB1105;decreased activity;decreases;autophagy of carcinoma cell lines,autophagy of lung cancer cell lines;wild type;not applicable;Human;not applicable;not applicable;causal;1;19066474
MAP1LC3B;HAMDB1106;increased activity;affects;autophagy of breast cancer cell lines;wild type;not applicable;Human;not applicable;not applicable;causal;1;20145727
MAP1S;HAMDB1107;increased activity;affects;autophagy;wild type;not applicable;Human;not applicable;not applicable;causal;1;21262964
MAP2K1;HAMDB1108;increased activity;increases;autophagy of leukemia cell lines;wild type;not applicable;Human;not applicable;not applicable;causal;1;20656687
MAP2K2;HAMDB1109;increased activity;increases;autophagy of leukemia cell lines;wild type;not applicable;Human;not applicable;not applicable;causal;1;20656687
MAPK14;HAMDB1113;decreased activity;increases;autophagy of colorectal cancer cell lines;wild type;not applicable;Human;not applicable;not applicable;causal;1;21841826
MAPK14;HAMDB1113;decreased activity;increases;autophagy of leukemia cell lines;wild type;not applicable;Human;not applicable;not applicable;causal;1;22354961
MAPK14;HAMDB1113;increased activity;decreases;autophagy of embryonic cell lines,autophagy of epithelial cell lines,autophagy of kidney cell lines;wild type;not applicable;Human;not applicable;not applicable;causal;5;19893488
MAPK8;HAMDB1114;decreased activity;decreases;autophagy of breast cell lines;wild type;not applicable;Human;not applicable;not applicable;causal;1;21300795
MAPK8;HAMDB1114;increased activity;increases;autophagy of cervical cancer cell lines,macroautophagy;wild type;not applicable;Human;not applicable;not applicable;causal;1;19029119
MAPT;HAMDB1115;increased activity;affects;autophagy;wild type;not applicable;Human;not applicable;not applicable;causal;1;19074461
MCL1;HAMDB1117;increased activity;decreases;autophagy;wild type;not applicable;Human;not applicable;not applicable;causal;1;24113155
MCOLN1;HAMDB1118;decreased activity;decreases;autophagy of cervical cancer cell lines;[dominant, loss of function, missense];not applicable;Human;not applicable;not applicable;causal;1;20736310
MCOLN1;HAMDB1118;decreased activity;decreases;autophagy of cervical cancer cell lines;[dominant, loss of function];not applicable;Human;not applicable;not applicable;causal;1;20736310
MCOLN3;HAMDB1119;increased activity;decreases;maturation of autophagosomes;wild type;not applicable;Human;not applicable;not applicable;causal;3;19497048
MDM2;HAMDB1120;decreased activity;decreases;autophagy of bone cancer cell lines,autophagy of sarcoma cell lines;wild type;not applicable;Human;not applicable;not applicable;causal;2;21460857
MDM2;HAMDB1120;decreased activity;decreases;autophagy of colorectal cancer cell lines;wild type;not applicable;Human;not applicable;not applicable;causal;3;21460857
MDM2;HAMDB1120;decreased activity;decreases;autophagy of cervical cancer cell lines;wild type;not applicable;Human;not applicable;not applicable;causal;2;21460857
MEFV;HAMDB1121;increased activity;increases;autophagy;wild type;not applicable;Human;not applicable;not applicable;causal;1;26347139
MEGF10;HAMDB1122;decreased activity;decreases;autophagy of brain cancer cell lines;wild type;not applicable;Human;not applicable;not applicable;causal;1;20660724
MET;HAMDB1123;increased activity;increases;assembly of autophagosomes;wild type;not applicable;Human;not applicable;not applicable;causal;1;27307589
MFN1;HAMDB1124;increased activity;increases;autophagy of mitochondria;wild type;not applicable;Human;not applicable;not applicable;causal;1;23427266
MID2;HAMDB1127;increased activity;increases;autophagy;wild type;not applicable;Human;not applicable;not applicable;causal;1;26347139
MITF;HAMDB1128;increased activity;affects;autophagy of cervical cancer cell lines,autophagy of mitochondria;wild type;not applicable;Human;not applicable;not applicable;causal;1;26240184
MMP10;HAMDB1129;decreased activity;increases;autophagy of brain cancer cell lines;wild type;not applicable;Human;not applicable;not applicable;causal;1;20660724
MTDH;HAMDB1131;increased activity;increases;autophagy;wild type;not applicable;Human;not applicable;not applicable;causal;1;21127263
MTMR3;HAMDB1132;decreased activity;affects;formation of autophagosomes;[dominant, loss of function];not applicable;Human;not applicable;not applicable;causal;1;20059746
MTMR3;HAMDB1132;increased activity;decreases;autophagy of monocyte-derived macrophages;wild type;not applicable;Human;not applicable;not applicable;causal;1;26240347
MTMR3;HAMDB1132;decreased activity;affects;formation of autophagosomes;wild type;not applicable;Human;not applicable;not applicable;causal;1;20059746
MTMR3;HAMDB1132;increased activity;decreases;autophagy of carcinoma cell lines,autophagy of lung cancer cell lines;wild type;not applicable;Human;not applicable;not applicable;causal;1;20059746
MTMR3;HAMDB1132;unknown change in activity;decreases;autophagy of monocyte-derived macrophages;homozygous;not applicable;Human;not applicable;not applicable;causal;1;26240347
MTOR;HAMDB1133;increased activity;decreases;macroautophagy of cells;wild type;not applicable;Human;not applicable;not applicable;causal;1;25327288
MTOR;HAMDB1133;decreased activity;increases;autophagy of colorectal cancer cell lines;wild type;not applicable;Human;not applicable;not applicable;causal;2;21949121
MTOR;HAMDB1133;increased activity;increases;autophagy of kidney cell lines;wild type;not applicable;Human;not applicable;not applicable;causal;1;25070845
MTOR;HAMDB1133;increased activity;decreases;autophagy of cells;wild type;not applicable;Human;not applicable;not applicable;causal;1;25070845
MTOR;HAMDB1133;decreased activity;decreases;autophagy of colorectal cancer cell lines;wild type;not applicable;Human;not applicable;not applicable;causal;1;20368736
MTOR;HAMDB1133;decreased activity;increases;autophagy of pancreatic cancer cell lines;wild type;not applicable;Human;not applicable;not applicable;causal;1;25561726
MVB12A;HAMDB1134;increased activity;affects;macroautophagy of cells;wild type;not applicable;Human;not applicable;not applicable;causal;1;20588296
MYL3;HAMDB1137;decreased activity;increases;autophagy of brain cancer cell lines;wild type;not applicable;Human;not applicable;not applicable;causal;1;20660724
NACC1;HAMDB1139;decreased activity;decreases;autophagy of tumor cell lines;wild type;not applicable;Human;not applicable;not applicable;causal;3;21743489
NAF1;HAMDB1140;increased activity;decreases;autophagy of lung cancer cell lines;wild type;not applicable;Human;not applicable;not applicable;causal;1;20010695
NBR1;HAMDB1142;increased activity;affects;macroautophagy of cells;wild type;not applicable;Human;not applicable;not applicable;causal;1;19250911
NCR3;HAMDB1144;decreased activity;increases;autophagy of brain cancer cell lines;wild type;not applicable;Human;not applicable;not applicable;causal;1;20660724
NDRG1;HAMDB1145;increased activity;decreases;autophagy of pancreatic cancer cell lines;wild type;not applicable;Human;not applicable;not applicable;causal;1;24532803
NDRG1;HAMDB1145;increased activity;decreases;formation of autophagosomes;wild type;not applicable;Human;not applicable;not applicable;causal;1;24532803
NEU3;HAMDB1146;decreased activity;decreases;autophagy of carcinoma cell lines,autophagy of kidney cancer cell lines;wild type;not applicable;Human;not applicable;not applicable;causal;1;23139422
NFE2L2;HAMDB1147;decreased activity;increases;autophagy of breast cancer cell lines;wild type;not applicable;Human;not applicable;not applicable;causal;1;20805228
NLRP4;HAMDB1151;decreased activity;increases;autophagy of cervical cancer cell lines;wild type;not applicable;Human;not applicable;not applicable;causal;3;21209283
NLRP4;HAMDB1151;decreased activity;increases;autophagic cell death of cervical cancer cell lines;wild type;not applicable;Human;not applicable;not applicable;causal;1;21209283
NLRP4;HAMDB1151;increased activity;decreases;maturation of autophagosomes;wild type;not applicable;Human;not applicable;not applicable;causal;2;21209283
NLRP4;HAMDB1151;decreased activity;increases;autophagy of endothelial cells;wild type;not applicable;Human;not applicable;not applicable;causal;2;21209283
NLRP4;HAMDB1151;decreased activity;increases;autophagic cell death of endothelial cells;wild type;not applicable;Human;not applicable;not applicable;causal;1;21209283
NOD2;HAMDB1154;increased activity;increases;autophagy of monocyte-derived macrophages;wild type;not applicable;Human;not applicable;not applicable;causal;2;26240347
NOD2;HAMDB1154;increased activity;increases;autophagy of dendritic cells;wild type;not applicable;Human;not applicable;not applicable;causal;9;19966812
NOS1;HAMDB1155;increased activity;affects;formation of autophagosomes;wild type;not applicable;Human;not applicable;not applicable;causal;3;21726807
NOS2;HAMDB1156;increased activity;affects;formation of autophagosomes;wild type;not applicable;Human;not applicable;not applicable;causal;3;21726807
NOS3;HAMDB1157;increased activity;affects;formation of autophagosomes;wild type;not applicable;Human;not applicable;not applicable;causal;3;21726807
NPC1;HAMDB1158;increased activity;affects;autophagy;wild type;not applicable;Human;not applicable;not applicable;causal;1;19074461
NRBF2;HAMDB1161;increased activity;affects;autophagy;wild type;not applicable;Human;not applicable;not applicable;causal;1;24785657
NRBP2;HAMDB1162;increased activity;decreases;macroautophagy of cells;wild type;not applicable;Human;not applicable;not applicable;causal;1;22354037
NUPR1;HAMDB1163;decreased activity;increases;autophagy of bone cancer cell lines,autophagy of sarcoma cell lines;wild type;not applicable;Human;not applicable;not applicable;causal;4;20181828
OCRL;HAMDB1164;decreased activity;increases;accumulation of autophagosomes;wild type;not applicable;Human;not applicable;not applicable;causal;1;27398910
OPTN;HAMDB1165;increased activity;affects;macroautophagy of cells;wild type;not applicable;Human;not applicable;not applicable;causal;1;21617041
PAFAH1B2;HAMDB1167;increased activity;increases;macroautophagy of cells;wild type;not applicable;Human;not applicable;not applicable;causal;1;22354037
PARK2;HAMDB1168;increased activity;affects;autophagy;wild type;not applicable;Human;not applicable;not applicable;causal;1;20889974
PARK2;HAMDB1168;increased activity;increases;autophagy of cervical cancer cell lines,autophagy of mitochondria;wild type;not applicable;Human;not applicable;not applicable;causal;4;25217637
PARK2;HAMDB1168;increased activity;affects;autophagy of mitochondria;wild type;not applicable;Human;not applicable;not applicable;causal;5;25621951
PCGF1;HAMDB1169;decreased activity;increases;autophagy of brain cancer cell lines;wild type;not applicable;Human;not applicable;not applicable;causal;1;20660724
PDK1;HAMDB1170;increased activity;increases;autophagy of bone cancer cell lines,autophagy of sarcoma cell lines;wild type;not applicable;Human;not applicable;not applicable;causal;1;24560926
PDK2;HAMDB1171;decreased activity;decreases;autophagy of bone cancer cell lines,autophagy of sarcoma cell lines;wild type;not applicable;Human;not applicable;not applicable;causal;1;24560926
PDK2;HAMDB1171;increased activity;increases;autophagy of bone cancer cell lines,autophagy of sarcoma cell lines;wild type;not applicable;Human;not applicable;not applicable;causal;1;24560926
PDK4;HAMDB1172;decreased activity;decreases;autophagy of bone cancer cell lines,autophagy of sarcoma cell lines;wild type;not applicable;Human;not applicable;not applicable;causal;1;24560926
PDK4;HAMDB1172;increased activity;increases;autophagy of bone cancer cell lines,autophagy of sarcoma cell lines;wild type;not applicable;Human;not applicable;not applicable;causal;1;24560926
PGAM5;HAMDB1173;decreased activity;increases;autophagy of cervical cancer cell lines,autophagy of mitochondria;wild type;not applicable;Human;not applicable;not applicable;causal;1;25126723
PIK3C3;HAMDB1176;decreased activity;decreases;autophagy of hepatoma cell lines;wild type;not applicable;Human;not applicable;not applicable;causal;4;21835792
PIK3C3;HAMDB1176;increased activity;affects;autophagy;wild type;not applicable;Human;not applicable;not applicable;causal;1;25327288
PIK3C3;HAMDB1176;decreased activity;decreases;autophagy of breast cancer cell lines;wild type;not applicable;Human;not applicable;not applicable;causal;1;20529838
PIK3C3;HAMDB1176;decreased activity;affects;formation of autophagosomes;wild type;not applicable;Human;not applicable;not applicable;causal;2;25578879
PIK3C3;HAMDB1176;decreased activity;decreases;autophagy of cervical cancer cell lines;wild type;not applicable;Human;not applicable;not applicable;causal;1;20529838
PIK3C3;HAMDB1176;decreased activity;decreases;autophagy of neuroblastoma cell lines;wild type;not applicable;Human;not applicable;not applicable;causal;2;20057503
PIK3CA;HAMDB1177;decreased activity;increases;autophagy of carcinoma cell lines,autophagy of lung cancer cell lines;wild type;not applicable;Human;not applicable;not applicable;causal;2;23172887
PIK3CB;HAMDB1178;increased activity;increases;autophagy;wild type;not applicable;Human;not applicable;not applicable;causal;1;21321382
PIK3R2;HAMDB1180;increased activity;affects;autophagy;wild type;not applicable;Human;not applicable;not applicable;causal;1;23604317
PINK1;HAMDB1182;increased activity;decreases;macroautophagy of cells;wild type;not applicable;Human;not applicable;not applicable;causal;1;19279012
PINK1;HAMDB1182;unknown change in activity;increases;autophagy of neuroblastoma cell lines;unclassified mutation;not applicable;Human;not applicable;not applicable;causal;2;20057503
PINK1;HAMDB1182;decreased activity;increases;autophagy of mitochondria,autophagy of neuroblastoma cell lines;wild type;not applicable;Human;not applicable;not applicable;causal;3;19279012
PINK1;HAMDB1182;increased activity;decreases;autophagy of mitochondria,autophagy of neuroblastoma cell lines;wild type;not applicable;Human;not applicable;not applicable;causal;1;19279012
PINK1;HAMDB1182;[decreased activity, unknown change in activity];[decreases, increases];autophagy of neuroblastoma cell lines;[unclassified mutation, wild type];not applicable;Human;not applicable;not applicable;causal;1;19279012
PINK1;HAMDB1182;decreased activity;increases;autophagy of neuroblastoma cell lines,macroautophagy of tumor cell lines;wild type;not applicable;Human;not applicable;not applicable;causal;2;19279012
PINK1;HAMDB1182;increased activity;increases;autophagy of cervical cancer cell lines,autophagy of mitochondria;wild type;not applicable;Human;not applicable;not applicable;causal;1;25217637
PINK1;HAMDB1182;increased activity;affects;autophagy of mitochondria;wild type;not applicable;Human;not applicable;not applicable;causal;3;20798600
PINK1;HAMDB1182;increased activity;increases;autophagy of neuroblastoma cell lines;wild type;not applicable;Human;not applicable;not applicable;causal;4;20057503
PINK1;HAMDB1182;increased activity;increases;macroautophagy of cells;wild type;not applicable;Human;not applicable;not applicable;causal;1;20871098
PINK1;HAMDB1182;decreased activity;increases;autophagy of neuroblastoma cell lines;wild type;not applicable;Human;not applicable;not applicable;causal;2;19279012
PINK1;HAMDB1182;increased activity;decreases;autophagy of neuroblastoma cell lines;wild type;not applicable;Human;not applicable;not applicable;causal;1;19279012
PIP4K2A;HAMDB1183;increased activity;affects;autophagy;wild type;not applicable;Human;not applicable;not applicable;causal;1;25578879
PIP4K2B;HAMDB1184;increased activity;affects;autophagy;wild type;not applicable;Human;not applicable;not applicable;causal;1;25578879
PIP4K2C;HAMDB1185;increased activity;affects;autophagy;wild type;not applicable;Human;not applicable;not applicable;causal;1;25578879
PKM;HAMDB1186;increased activity;increases;autophagy of fibroblast cell lines;wild type;not applicable;Human;not applicable;not applicable;causal;1;22236875
PLD1;HAMDB1189;increased activity;increases;autophagy of Salmonella typhimurium SL1344;wild type;not applicable;Human;not applicable;not applicable;causal;1;20674539
PLD2;HAMDB1190;increased activity;increases;autophagy of Salmonella typhimurium SL1344;wild type;not applicable;Human;not applicable;not applicable;causal;1;20674539
PLEKHF1;HAMDB1191;increased activity;increases;autophagy;wild type;not applicable;Human;not applicable;not applicable;causal;1;22115783
PLG;HAMDB1192;increased activity;increases;autophagy of vascular endothelial cells;wild type;not applicable;Human;not applicable;not applicable;causal;2;17272502
PLK2;HAMDB1193;increased activity;increases;autophagy;wild type;not applicable;Human;not applicable;not applicable;causal;1;23983262
PPFIA4;HAMDB1197;decreased activity;increases;autophagy of brain cancer cell lines;wild type;not applicable;Human;not applicable;not applicable;causal;1;20660724
PRKAA1;HAMDB1198;increased activity;increases;autophagy of epithelial cell lines;wild type;not applicable;Human;not applicable;not applicable;causal;1;19197243
PRKAA1;HAMDB1198;increased activity;increases;autophagy;wild type;not applicable;Human;not applicable;not applicable;causal;2;26103054
PRKAA1;HAMDB1198;increased activity;increases;autophagy of breast cell lines;wild type;not applicable;Human;not applicable;not applicable;causal;1;19197243
PRKAA2;HAMDB1199;increased activity;increases;macroautophagy of cells;wild type;not applicable;Human;not applicable;not applicable;causal;1;25126726
PRKCD;HAMDB1200;increased activity;increases;autophagy of Salmonella typhimurium SL1344;wild type;not applicable;Human;not applicable;not applicable;causal;1;20674539
PRKD1;HAMDB1202;increased activity;increases;autophagy;wild type;not applicable;Human;not applicable;not applicable;causal;1;22095288
PRKDC;HAMDB1203;decreased activity;increases;autophagy of brain cancer cell lines;wild type;not applicable;Human;not applicable;not applicable;causal;4;15899829
PSAP;HAMDB1205;increased activity;affects;autophagy;wild type;not applicable;Human;not applicable;not applicable;causal;1;22949512
PTEN;HAMDB1207;increased activity;increases;macroautophagy of cells;wild type;not applicable;Human;not applicable;not applicable;causal;1;11477064
PTGER2;HAMDB1208;decreased activity;increases;autophagy of brain cancer cell lines;wild type;not applicable;Human;not applicable;not applicable;causal;1;20660724
PTPN22;HAMDB1209;increased activity;decreases;autophagy;wild type;not applicable;Human;not applicable;not applicable;causal;1;23991106
QSOX1;HAMDB1211;increased activity;decreases;macroautophagy of cells;wild type;not applicable;Human;not applicable;not applicable;causal;1;24475161
RAB11A;HAMDB1212;increased activity;increases;formation of autophagosomes;wild type;not applicable;Human;not applicable;not applicable;causal;1;22613832
RAB1A;HAMDB1214;increased activity;affects;autophagy;wild type;not applicable;Human;not applicable;not applicable;causal;1;22939626
RAB1A;HAMDB1214;increased activity;increases;autophagy of neuroblastoma cell lines;wild type;not applicable;Human;not applicable;not applicable;causal;1;20855506
RAB1A;HAMDB1214;decreased activity;decreases;autophagy of cervical cancer cell lines;wild type;not applicable;Human;not applicable;not applicable;causal;1;20855506
RAC3;HAMDB1216;decreased activity;increases;autophagy of cervical cancer cell lines;wild type;not applicable;Human;not applicable;not applicable;causal;1;21852230
RAC3;HAMDB1216;decreased activity;increases;autophagy of colorectal cancer cell lines;wild type;not applicable;Human;not applicable;not applicable;causal;1;21852230
RAC3;HAMDB1216;decreased activity;increases;autophagy of breast cancer cell lines;wild type;not applicable;Human;not applicable;not applicable;causal;2;21852230
RAC3;HAMDB1216;decreased activity;increases;autophagy of prostate cancer cell lines;wild type;not applicable;Human;not applicable;not applicable;causal;1;21852230
RASIP1;HAMDB1220;increased activity;decreases;autophagy;wild type;not applicable;Human;not applicable;not applicable;causal;1;22354037
RELA;HAMDB1223;unknown change in activity;affects;autophagy of fibroblast cell lines;unclassified mutation;not applicable;Human;not applicable;not applicable;causal;1;21737676
RELA;HAMDB1223;increased activity;increases;autophagy of cervical cancer cell lines;wild type;not applicable;Human;not applicable;not applicable;causal;1;19289499
RELA;HAMDB1223;increased activity;increases;autophagy of bone cancer cell lines,autophagy of sarcoma cell lines;wild type;not applicable;Human;not applicable;not applicable;causal;3;19289499
RGS19;HAMDB1224;increased activity;increases;autophagy of colorectal cancer cell lines;wild type;not applicable;Human;not applicable;not applicable;causal;2;10836135
RGS19;HAMDB1224;increased activity;increases;macroautophagy of colorectal cancer cell lines;wild type;not applicable;Human;not applicable;not applicable;causal;1;12609989
RNASEL;HAMDB1227;increased activity;increases;autophagy of fibrosarcoma cell lines;wild type;not applicable;Human;not applicable;not applicable;causal;4;23109342
RNASEL;HAMDB1227;increased activity;increases;accumulation of autophagic vacuoles;wild type;not applicable;Human;not applicable;not applicable;causal;1;23109342
RNF152;HAMDB1228;increased activity;increases;autophagy;wild type;not applicable;Human;not applicable;not applicable;causal;1;25936802
RPS6KB1;HAMDB1233;decreased activity;decreases;autophagy of embryonic cell lines,autophagy of epithelial cell lines,autophagy of kidney cell lines;wild type;not applicable;Human;not applicable;not applicable;causal;1;20157535
RPTOR;HAMDB1234;decreased activity;increases;autophagy of brain cancer cell lines;wild type;not applicable;Human;not applicable;not applicable;causal;1;21576371
RPTOR;HAMDB1234;decreased activity;increases;autophagy of neuroblastoma cell lines;wild type;not applicable;Human;not applicable;not applicable;causal;1;21576371
RRAGA;HAMDB1235;increased activity;decreases;autophagy;wild type;not applicable;Human;not applicable;not applicable;causal;1;25936802
RUBCN;HAMDB1236;increased activity;decreases;autophagy;wild type;not applicable;Human;not applicable;not applicable;causal;1;19270696
S100A8;HAMDB1238;increased activity;affects;autophagy;wild type;not applicable;Human;not applicable;not applicable;causal;1;19935772
S100A9;HAMDB1239;increased activity;affects;autophagy;wild type;not applicable;Human;not applicable;not applicable;causal;1;19935772
S1PR3;HAMDB1240;increased activity;decreases;autophagic cell death;wild type;not applicable;Human;not applicable;not applicable;causal;2;23035115
SCOC;HAMDB1242;increased activity;increases;macroautophagy of cells;wild type;not applicable;Human;not applicable;not applicable;causal;1;22354037
SDHB;HAMDB1243;decreased activity;increases;autophagy of brain cancer cell lines;wild type;not applicable;Human;not applicable;not applicable;causal;1;20660724
SERPINA1;HAMDB1244;unknown change in activity;affects;autophagy of hepatoma cell lines;unclassified mutation;not applicable;Human;not applicable;not applicable;causal;1;21976666
SESN2;HAMDB1246;increased activity;increases;macroautophagy of cells;wild type;not applicable;Human;not applicable;not applicable;causal;1;23274085
SGSM2;HAMDB1247;increased activity;decreases;autophagy of embryonic cell lines,autophagy of epithelial cell lines,autophagy of kidney cell lines;wild type;not applicable;Human;not applicable;not applicable;causal;1;22613832
SH3BP4;HAMDB1248;increased activity;increases;autophagy;wild type;not applicable;Human;not applicable;not applicable;causal;1;22575674
SH3GLB1;HAMDB1249;increased activity;affects;autophagic cell death;wild type;not applicable;Human;not applicable;not applicable;causal;1;17891140
SH3GLB1;HAMDB1249;decreased activity;decreases;autophagy of prostate cancer cell lines;wild type;not applicable;Human;not applicable;not applicable;causal;1;20159967
SH3GLB1;HAMDB1249;increased activity;increases;autophagy;wild type;not applicable;Human;not applicable;not applicable;causal;1;17891140
SHC1;HAMDB1250;decreased activity;decreases;formation of autophagosomes;wild type;not applicable;Human;not applicable;not applicable;causal;1;23815759
SIK2;HAMDB1251;decreased activity;decreases;fusion of autophagosomes;wild type;not applicable;Human;not applicable;not applicable;causal;1;23322770
SIRT1;HAMDB1252;decreased activity;decreases;autophagy of bone cancer cell lines,autophagy of sarcoma cell lines;wild type;not applicable;Human;not applicable;not applicable;causal;1;21460857
SIRT1;HAMDB1252;increased activity;increases;macroautophagy of cells;wild type;not applicable;Human;not applicable;not applicable;causal;1;18296641
SIRT1;HAMDB1252;decreased activity;decreases;autophagy of colorectal cancer cell lines;wild type;not applicable;Human;not applicable;not applicable;causal;2;21460857
SIRT1;HAMDB1252;decreased activity;decreases;autophagy of cervical cancer cell lines;wild type;not applicable;Human;not applicable;not applicable;causal;1;21460857
SIRT2;HAMDB1253;increased activity;decreases;autophagy;wild type;not applicable;Human;not applicable;not applicable;causal;1;20543840
SIRT6;HAMDB1254;decreased activity;decreases;autophagy of epithelial cell lines,autophagy of lung cell lines;wild type;not applicable;Human;not applicable;not applicable;causal;1;24367027
SMAD2;HAMDB1256;increased activity;decreases;autophagy of embryonic cell lines,autophagy of endothelial cell lines;wild type;not applicable;Human;not applicable;not applicable;causal;1;25931117
SMAD2;HAMDB1256;decreased activity;increases;autophagy of vascular endothelial cells;wild type;not applicable;Human;not applicable;not applicable;causal;1;25931117
SMAD4;HAMDB1257;decreased activity;decreases;autophagy of hepatoma cell lines;wild type;not applicable;Human;not applicable;not applicable;causal;1;19903843
SMPD1;HAMDB1258;decreased activity;decreases;autophagy of leukemia cell lines;wild type;not applicable;Human;not applicable;not applicable;causal;1;23035115
SMYD3;HAMDB1259;decreased activity;decreases;autophagy of brain cancer cell lines;wild type;not applicable;Human;not applicable;not applicable;causal;1;20660724
SNAI1;HAMDB1260;unknown change in activity;increases;autophagy of breast cancer cell lines;gain-of-function;not applicable;Human;not applicable;not applicable;causal;1;23436798
SNAI1;HAMDB1260;increased activity;increases;autophagy of breast cancer cell lines;wild type;not applicable;Human;not applicable;not applicable;causal;1;23436798
SNCA;HAMDB1261;increased activity;decreases;autophagy of neuroblastoma cell lines,macroautophagy of tumor cell lines;wild type;not applicable;Human;not applicable;not applicable;causal;2;20855506
SNCA;HAMDB1261;decreased activity;increases;autophagy of cervical cancer cell lines;wild type;not applicable;Human;not applicable;not applicable;causal;1;22453917
SNCA;HAMDB1261;increased activity;increases;autophagy of cervical cancer cell lines;wild type;not applicable;Human;not applicable;not applicable;causal;1;22453917
SNCA;HAMDB1261;increased activity;decreases;autophagy of neuroblastoma cell lines;wild type;not applicable;Human;not applicable;not applicable;causal;1;20855506
SNF8;HAMDB1262;increased activity;affects;macroautophagy of cells;wild type;not applicable;Human;not applicable;not applicable;causal;1;20588296
SNRPE;HAMDB1263;decreased activity;increases;accumulation of autophagic vacuoles;wild type;not applicable;Human;not applicable;not applicable;causal;1;23358685
SOD1;HAMDB1265;increased activity;decreases;autophagic cell death of brain cancer cell lines;wild type;not applicable;Human;not applicable;not applicable;causal;1;17616690
SOD2;HAMDB1266;increased activity;decreases;autophagic cell death of brain cancer cell lines;wild type;not applicable;Human;not applicable;not applicable;causal;1;17616690
SORCS2;HAMDB1268;decreased activity;increases;autophagy of brain cancer cell lines;wild type;not applicable;Human;not applicable;not applicable;causal;1;20660724
SPHK1;HAMDB1270;increased activity;increases;formation of autophagosomes;wild type;not applicable;Human;not applicable;not applicable;causal;1;16415355
SPHK1;HAMDB1270;decreased activity;decreases;autophagy of breast cancer cell lines;wild type;not applicable;Human;not applicable;not applicable;causal;1;16415355
SPHK1;HAMDB1270;increased activity;increases;autophagy of breast cancer cell lines;wild type;not applicable;Human;not applicable;not applicable;causal;5;16415355
SQSTM1;HAMDB1275;increased activity;affects;autophagy;wild type;not applicable;Human;not applicable;not applicable;causal;2;19816510
SQSTM1;HAMDB1275;increased activity;increases;macroautophagy of cells;wild type;not applicable;Human;not applicable;not applicable;causal;1;20168092
SQSTM1;HAMDB1275;increased activity;increases;autophagy of Salmonella typhimurium SL1344;wild type;not applicable;Human;not applicable;not applicable;causal;1;19812211
STAM;HAMDB1278;increased activity;affects;macroautophagy of cells;wild type;not applicable;Human;not applicable;not applicable;causal;1;20588296
STAM2;HAMDB1279;increased activity;affects;macroautophagy of cells;wild type;not applicable;Human;not applicable;not applicable;causal;1;20588296
STIM1;HAMDB1281;decreased activity;decreases;autophagy of brain cancer cell lines;wild type;not applicable;Human;not applicable;not applicable;causal;1;20660724
STK11;HAMDB1282;increased activity;increases;autophagy;wild type;not applicable;Human;not applicable;not applicable;causal;1;23878245
STK11;HAMDB1282;decreased activity;decreases;autophagy of carcinoma cell lines;wild type;not applicable;Human;not applicable;not applicable;causal;1;21191146
STK38;HAMDB1283;decreased activity;decreases;formation of autophagosomes;wild type;not applicable;Human;not applicable;not applicable;causal;2;26387716
SUPT20H;HAMDB1286;increased activity;increases;formation of autophagosomes;wild type;not applicable;Human;not applicable;not applicable;causal;3;19893488
SUPT5H;HAMDB1287;increased activity;increases;macroautophagy of cells;wild type;not applicable;Human;not applicable;not applicable;causal;1;22354037
SVIP;HAMDB1288;increased activity;increases;autophagy;wild type;not applicable;Human;not applicable;not applicable;causal;1;21909394
TAB2;HAMDB1290;increased activity;decreases;autophagy;wild type;not applicable;Human;not applicable;not applicable;causal;1;21976705
TAB3;HAMDB1291;increased activity;decreases;autophagy;wild type;not applicable;Human;not applicable;not applicable;causal;1;21976705
TACR2;HAMDB1292;decreased activity;increases;autophagy of brain cancer cell lines;wild type;not applicable;Human;not applicable;not applicable;causal;1;20660724
TBC1D10A;HAMDB1294;increased activity;decreases;autophagy of embryonic cell lines,autophagy of epithelial cell lines,autophagy of kidney cell lines;wild type;not applicable;Human;not applicable;not applicable;causal;1;22613832
TBC1D10B;HAMDB1295;increased activity;decreases;autophagy of embryonic cell lines,autophagy of epithelial cell lines,autophagy of kidney cell lines;wild type;not applicable;Human;not applicable;not applicable;causal;1;22613832
TBC1D10C;HAMDB1296;increased activity;decreases;autophagy of embryonic cell lines,autophagy of epithelial cell lines,autophagy of kidney cell lines;wild type;not applicable;Human;not applicable;not applicable;causal;1;22613832
TBC1D14;HAMDB1297;increased activity;decreases;formation of autophagosomes;wild type;not applicable;Human;not applicable;not applicable;causal;1;22613832
TBC1D14;HAMDB1297;increased activity;decreases;autophagy;wild type;not applicable;Human;not applicable;not applicable;causal;1;22613832
TBC1D14;HAMDB1297;increased activity;decreases;autophagy of embryonic cell lines,autophagy of epithelial cell lines,autophagy of kidney cell lines;wild type;not applicable;Human;not applicable;not applicable;causal;1;22613832
TBC1D16;HAMDB1298;increased activity;decreases;autophagy of embryonic cell lines,autophagy of epithelial cell lines,autophagy of kidney cell lines;wild type;not applicable;Human;not applicable;not applicable;causal;1;22613832
TBC1D17;HAMDB1299;increased activity;decreases;autophagy of embryonic cell lines,autophagy of epithelial cell lines,autophagy of kidney cell lines;wild type;not applicable;Human;not applicable;not applicable;causal;1;22613832
TBC1D4;HAMDB1300;increased activity;decreases;autophagy of embryonic cell lines,autophagy of epithelial cell lines,autophagy of kidney cell lines;wild type;not applicable;Human;not applicable;not applicable;causal;1;22613832
TBC1D5;HAMDB1301;increased activity;increases;autophagy;wild type;not applicable;Human;not applicable;not applicable;causal;2;22354992
TBC1D7;HAMDB1302;increased activity;decreases;autophagy of embryonic cell lines,autophagy of epithelial cell lines,autophagy of kidney cell lines;wild type;not applicable;Human;not applicable;not applicable;causal;1;22613832
TBC1D9;HAMDB1303;increased activity;decreases;autophagy of embryonic cell lines,autophagy of epithelial cell lines,autophagy of kidney cell lines;wild type;not applicable;Human;not applicable;not applicable;causal;1;22613832
TBC1D9B;HAMDB1304;increased activity;decreases;autophagy of embryonic cell lines,autophagy of epithelial cell lines,autophagy of kidney cell lines;wild type;not applicable;Human;not applicable;not applicable;causal;1;22613832
TBK1;HAMDB1305;decreased activity;decreases;formation of autophagosomes;wild type;not applicable;Human;not applicable;not applicable;causal;2;27247382
TCHP;HAMDB1306;decreased activity;decreases;autophagy of breast cancer cell lines,autophagy of mitochondria;wild type;not applicable;Human;not applicable;not applicable;causal;2;24403067
TECPR1;HAMDB1308;increased activity;affects;autophagy;wild type;not applicable;Human;not applicable;not applicable;causal;1;21575909
TECPR1;HAMDB1308;decreased activity;increases;accumulation of autophagosomes;wild type;not applicable;Human;not applicable;not applicable;causal;1;22342342
TECPR1;HAMDB1308;decreased activity;decreases;maturation of autophagosomes;wild type;not applicable;Human;not applicable;not applicable;causal;1;22342342
TFE3;HAMDB1309;increased activity;affects;autophagy of cervical cancer cell lines,autophagy of mitochondria;wild type;not applicable;Human;not applicable;not applicable;causal;1;26240184
TFEB;HAMDB1310;increased activity;affects;autophagy of cervical cancer cell lines,autophagy of mitochondria;wild type;not applicable;Human;not applicable;not applicable;causal;1;26240184
TFEB;HAMDB1310;increased activity;increases;autophagy;wild type;not applicable;Human;not applicable;not applicable;causal;1;23434374
TGFB1;HAMDB1311;increased activity;increases;accumulation of autophagosomes;wild type;not applicable;Human;not applicable;not applicable;causal;2;19903843
THBS2;HAMDB1312;decreased activity;increases;autophagy of brain cancer cell lines;wild type;not applicable;Human;not applicable;not applicable;causal;1;20660724
TMEM59;HAMDB1326;increased activity;increases;autophagy;wild type;not applicable;Human;not applicable;not applicable;causal;1;23376921
TMEM74;HAMDB1327;increased activity;affects;macroautophagy of cells;wild type;not applicable;Human;not applicable;not applicable;causal;1;18294959
TNF;HAMDB1328;increased activity;increases;formation of autophagosomes;wild type;not applicable;Human;not applicable;not applicable;causal;3;21454695
TNFRSF10B;HAMDB1329;decreased activity;increases;autophagic cell death of breast cancer cell lines;wild type;not applicable;Human;not applicable;not applicable;causal;2;17671202
TNFRSF10B;HAMDB1329;decreased activity;increases;autophagic cell death of hepatoma cell lines;wild type;not applicable;Human;not applicable;not applicable;causal;2;17671202
TNFRSF10B;HAMDB1329;decreased activity;increases;autophagic cell death of colorectal cancer cell lines;wild type;not applicable;Human;not applicable;not applicable;causal;12;17671202
TNFRSF10B;HAMDB1329;decreased activity;increases;autophagic cell death of leukemia cell lines;wild type;not applicable;Human;not applicable;not applicable;causal;1;17671202
TNFRSF10B;HAMDB1329;decreased activity;increases;autophagic cell death of prostate cancer cell lines;wild type;not applicable;Human;not applicable;not applicable;causal;2;17671202
TNFRSF10B;HAMDB1329;decreased activity;increases;autophagic cell death of brain cancer cell lines;wild type;not applicable;Human;not applicable;not applicable;causal;14;17671202
TNFSF10;HAMDB1330;increased activity;increases;autophagy of epithelial cell lines;wild type;not applicable;Human;not applicable;not applicable;causal;2;19197243
TNFSF10;HAMDB1330;increased activity;increases;autophagy of breast cell lines;wild type;not applicable;Human;not applicable;not applicable;causal;3;19197243
TNFSF10;HAMDB1330;increased activity;increases;autophagy of epithelial cells;wild type;not applicable;Human;not applicable;not applicable;causal;2;15635090
TP53;HAMDB1332;decreased activity;decreases;autophagy of CD4+ T-lymphocytes;wild type;not applicable;Human;not applicable;not applicable;causal;1;23658518
TP53;HAMDB1332;increased activity;increases;autophagy of bone cancer cell lines,autophagy of sarcoma cell lines;wild type;not applicable;Human;not applicable;not applicable;causal;1;17304243
TP53;HAMDB1332;decreased activity;increases;autophagy of bone cancer cell lines,autophagy of Cytoplasm,autophagy of sarcoma cell lines;wild type;not applicable;Human;not applicable;not applicable;causal;1;19049976
TP53;HAMDB1332;decreased activity;increases;autophagy of colorectal cancer cell lines;[homozygous, knockout];not applicable;Human;not applicable;not applicable;causal;1;22345153
TP53;HAMDB1332;decreased activity;decreases;autophagy of breast cancer cell lines;wild type;not applicable;Human;not applicable;not applicable;causal;1;25619836
TP53INP1;HAMDB1333;increased activity;affects;autophagic cell death;wild type;not applicable;Human;not applicable;not applicable;causal;1;22421968
TP53INP1;HAMDB1333;increased activity;increases;autophagy;wild type;not applicable;Human;not applicable;not applicable;causal;2;22470510
TP63;HAMDB1335;increased activity;increases;autophagy of carcinoma cell lines;wild type;not applicable;Human;not applicable;not applicable;causal;1;21191146
TP73;HAMDB1336;decreased activity;decreases;autophagy of bone cancer cell lines,autophagy of sarcoma cell lines;wild type;not applicable;Human;not applicable;not applicable;causal;1;17304243
TP73;HAMDB1336;increased activity;[decreases, increases];autophagy of bone cancer cell lines,autophagy of sarcoma cell lines;wild type;not applicable;Human;not applicable;not applicable;causal;1;17304243
TP73;HAMDB1336;increased activity;decreases;autophagy of bone cancer cell lines,autophagy of sarcoma cell lines;wild type;not applicable;Human;not applicable;not applicable;causal;1;17304243
TP73;HAMDB1336;increased activity;increases;autophagy of bone cancer cell lines,autophagy of sarcoma cell lines;wild type;not applicable;Human;not applicable;not applicable;causal;5;17304243
TPCN1;HAMDB1337;increased activity;increases;autophagy;wild type;not applicable;Human;not applicable;not applicable;causal;1;22012985
TPCN2;HAMDB1338;increased activity;affects;autophagy;wild type;not applicable;Human;not applicable;not applicable;causal;1;22012985
TPCN2;HAMDB1338;increased activity;decreases;fusion of autophagosomes;wild type;not applicable;Human;not applicable;not applicable;causal;1;23836916
TPCN2;HAMDB1338;increased activity;increases;accumulation of autophagosomes;wild type;not applicable;Human;not applicable;not applicable;causal;6;23836916
TRIM13;HAMDB1341;increased activity;increases;macroautophagy of cells;wild type;not applicable;Human;not applicable;not applicable;causal;1;22178386
TRIM17;HAMDB1342;increased activity;affects;autophagy;wild type;not applicable;Human;not applicable;not applicable;causal;1;25127057
TRIM21;HAMDB1343;increased activity;increases;autophagy;wild type;not applicable;Human;not applicable;not applicable;causal;1;26347139
TRIM22;HAMDB1344;increased activity;increases;autophagy;wild type;not applicable;Human;not applicable;not applicable;causal;1;26347139
TRIM5;HAMDB1345;increased activity;affects;autophagy;wild type;not applicable;Human;not applicable;not applicable;causal;1;25127057
TRIM65;HAMDB1346;increased activity;increases;autophagy;wild type;not applicable;Human;not applicable;not applicable;causal;1;26347139
TRIM8;HAMDB1347;increased activity;increases;autophagy;wild type;not applicable;Human;not applicable;not applicable;causal;1;26347139
TSC2;HAMDB1349;increased activity;increases;macroautophagy of cells;wild type;not applicable;Human;not applicable;not applicable;causal;1;23778976
TSC2;HAMDB1349;increased activity;increases;autophagy of breast cancer cell lines;wild type;not applicable;Human;not applicable;not applicable;causal;1;22752300
TSG101;HAMDB1350;increased activity;affects;macroautophagy of cells;wild type;not applicable;Human;not applicable;not applicable;causal;1;20588296
TUFM;HAMDB1351;decreased activity;decreases;autophagy of embryonic cell lines,autophagy of epithelial cell lines,autophagy of kidney cell lines;wild type;not applicable;Human;not applicable;not applicable;causal;1;22749352
UBASH3B;HAMDB1352;increased activity;increases;autophagy of lymphoma cell lines;wild type;not applicable;Human;not applicable;not applicable;causal;3;25959715
UBQLN1;HAMDB1354;increased activity;affects;macroautophagy of cells;wild type;not applicable;Human;not applicable;not applicable;causal;1;20529957
ULK1;HAMDB1357;decreased activity;decreases;autophagy of embryonic cell lines,autophagy of epithelial cell lines,autophagy of kidney cell lines;wild type;not applicable;Human;not applicable;not applicable;causal;2;17595159
ULK1;HAMDB1357;decreased activity;decreases;autophagy of embryonic cell lines,autophagy of epithelial cell lines,autophagy of kidney cell lines;unclassified mutation;not applicable;Human;not applicable;not applicable;causal;1;17595159
ULK1;HAMDB1357;unknown change in activity;increases;autophagy;unclassified mutation;not applicable;Human;not applicable;not applicable;causal;2;21383122
ULK1;HAMDB1357;increased activity;decreases;autophagy of embryonic cell lines,autophagy of epithelial cell lines,autophagy of kidney cell lines;wild type;not applicable;Human;not applicable;not applicable;causal;1;17595159
ULK1;HAMDB1357;increased activity;affects;autophagy;wild type;not applicable;Human;not applicable;not applicable;causal;2;18936157
ULK1;HAMDB1357;increased activity;affects;macroautophagy of cells;wild type;not applicable;Human;not applicable;not applicable;causal;1;22354037
ULK1;HAMDB1357;decreased activity;decreases;autophagy of embryonic cell lines,autophagy of epithelial cell lines,autophagy of kidney cell lines;[dominant, loss of function, nonsense];not applicable;Human;not applicable;not applicable;causal;1;17595159
ULK1;HAMDB1357;decreased activity;decreases;autophagy of cervical cancer cell lines;wild type;not applicable;Human;not applicable;not applicable;causal;1;17595159
ULK2;HAMDB1358;increased activity;affects;autophagy;wild type;not applicable;Human;not applicable;not applicable;causal;1;18936157
ULK2;HAMDB1358;increased activity;increases;autophagy of brain cancer cell lines;wild type;not applicable;Human;not applicable;not applicable;causal;3;24923441
ULK3;HAMDB1359;increased activity;affects;autophagy;wild type;not applicable;Human;not applicable;not applicable;causal;1;19279323
USP10;HAMDB1360;increased activity;affects;autophagy;wild type;not applicable;Human;not applicable;not applicable;causal;1;21962518
USP13;HAMDB1361;increased activity;affects;autophagy;wild type;not applicable;Human;not applicable;not applicable;causal;1;21962518
USP19;HAMDB1362;decreased activity;increases;autophagy of brain cancer cell lines;wild type;not applicable;Human;not applicable;not applicable;causal;1;20660724
USP30;HAMDB1363;increased activity;affects;autophagy of mitochondria;wild type;not applicable;Human;not applicable;not applicable;causal;2;24896179
USP33;HAMDB1364;increased activity;affects;autophagy;wild type;not applicable;Human;not applicable;not applicable;causal;1;24056301
UVRAG;HAMDB1365;increased activity;affects;autophagy;wild type;not applicable;Human;not applicable;not applicable;causal;1;24056303
VCP;HAMDB1366;increased activity;affects;autophagy;wild type;not applicable;Human;not applicable;not applicable;causal;2;20104022
VPS13A;HAMDB1368;increased activity;affects;autophagy;wild type;not applicable;Human;not applicable;not applicable;causal;1;25996471
VPS25;HAMDB1370;increased activity;affects;macroautophagy of cells;wild type;not applicable;Human;not applicable;not applicable;causal;1;20588296
VPS28;HAMDB1371;increased activity;affects;macroautophagy of cells;wild type;not applicable;Human;not applicable;not applicable;causal;1;20588296
VPS36;HAMDB1372;increased activity;affects;macroautophagy of cells;wild type;not applicable;Human;not applicable;not applicable;causal;1;20588296
VPS37A;HAMDB1373;increased activity;affects;macroautophagy of cells;wild type;not applicable;Human;not applicable;not applicable;causal;1;20588296
VPS37B;HAMDB1374;increased activity;affects;macroautophagy of cells;wild type;not applicable;Human;not applicable;not applicable;causal;1;20588296
VPS37C;HAMDB1375;increased activity;affects;macroautophagy of cells;wild type;not applicable;Human;not applicable;not applicable;causal;1;20588296
VPS37D;HAMDB1376;increased activity;affects;macroautophagy of cells;wild type;not applicable;Human;not applicable;not applicable;causal;1;20588296
VPS39;HAMDB1377;increased activity;affects;autophagy;wild type;not applicable;Human;not applicable;not applicable;causal;1;24554770
VPS51;HAMDB1378;increased activity;affects;autophagy;wild type;not applicable;Human;not applicable;not applicable;causal;1;20685960
VTI1A;HAMDB1379;increased activity;affects;autophagy;wild type;not applicable;Human;not applicable;not applicable;causal;1;24095276
WAC;HAMDB1381;increased activity;increases;macroautophagy of cells;wild type;not applicable;Human;not applicable;not applicable;causal;1;22354037
WDR24;HAMDB1384;increased activity;affects;autophagy;wild type;not applicable;Human;not applicable;not applicable;causal;1;27166823
WDR45;HAMDB1385;increased activity;affects;autophagy;wild type;not applicable;Human;not applicable;not applicable;causal;1;23435086
WDR6;HAMDB1386;increased activity;decreases;autophagy;wild type;not applicable;Human;not applicable;not applicable;causal;1;22354037
XBP1;HAMDB1387;decreased activity;decreases;formation of autophagosomes;wild type;not applicable;Human;not applicable;not applicable;causal;1;23184933
XBP1;HAMDB1387;decreased activity;increases;autophagy of colorectal cancer cell lines;wild type;not applicable;Human;not applicable;not applicable;causal;1;23277279
XPO1;HAMDB1388;increased activity;increases;autophagy of vascular endothelial cells;wild type;not applicable;Human;not applicable;not applicable;causal;1;24081905
YWHAQ;HAMDB1389;increased activity;increases;autophagy of bone cancer cell lines,autophagy of sarcoma cell lines;wild type;not applicable;Human;not applicable;not applicable;causal;3;20454448
ZC3H12A;HAMDB1391;increased activity;increases;autophagy;wild type;not applicable;Human;not applicable;not applicable;causal;1;22739135
ZFYVE1;HAMDB1392;increased activity;affects;macroautophagy of cells;wild type;not applicable;Human;not applicable;not applicable;causal;1;25578879
ZKSCAN3;HAMDB1393;increased activity;decreases;autophagy;wild type;not applicable;Human;not applicable;not applicable;causal;1;23434374