﻿Official Gene symbol;Alias (optional);Biological Function;Category
LAMTOR1;;mTOR regulators;mTOR and upstream pathways
LAMTOR2;;mTOR regulators;mTOR and upstream pathways
LAMTOR3;;mTOR regulators;mTOR and upstream pathways
LAMTOR4;;mTOR regulators;mTOR and upstream pathways
LAMTOR5;;mTOR regulators;mTOR and upstream pathways
FLCN;;mTOR regulators;mTOR and upstream pathways
FNIP1;;mTOR regulators;mTOR and upstream pathways
FNIP2;;mTOR regulators;mTOR and upstream pathways
MIOS;;mTOR regulators;mTOR and upstream pathways
SEH1L;;mTOR regulators;mTOR and upstream pathways
WDR24;;mTOR regulators;mTOR and upstream pathways
WDR59;;mTOR regulators;mTOR and upstream pathways
SEC13;;mTOR regulators;mTOR and upstream pathways
RHEB;;mTOR regulators;mTOR and upstream pathways
NPC1;;mTOR regulators;mTOR and upstream pathways
SLC38A9;;mTOR regulators;mTOR and upstream pathways
NPC2;;mTOR regulators;mTOR and upstream pathways
BTRC;;mTOR regulators;mTOR and upstream pathways
SESN2;sestrin 2;mTOR regulators;mTOR and upstream pathways
SESN1;sestrin 1;mTOR regulators;mTOR and upstream pathways
SESN3;sestrin 3;mTOR regulators;mTOR and upstream pathways
KIAA1524;CIP2A;mTOR regulators;mTOR and upstream pathways
PPP2CA;PP2A;mTOR regulators;mTOR and upstream pathways
RRAGA;;mTOR regulators;mTOR and upstream pathways
RRAGC;;mTOR regulators;mTOR and upstream pathways
RRAGD;;mTOR regulators;mTOR and upstream pathways
RRAGB;;mTOR regulators;mTOR and upstream pathways
TSC2;;mTOR regulators;mTOR and upstream pathways
TSC1;;mTOR regulators;mTOR and upstream pathways
BMT2;SAMTOR;mTOR regulators;mTOR and upstream pathways
NPRL2;;mTOR regulators;mTOR and upstream pathways
NPRL3;;mTOR regulators;mTOR and upstream pathways
DEPDC5;;mTOR regulators;mTOR and upstream pathways
KPTN;;mTOR regulators;mTOR and upstream pathways
ITFG2;;mTOR regulators;mTOR and upstream pathways
C12orf66;;mTOR regulators;mTOR and upstream pathways
SZT2;;mTOR regulators;mTOR and upstream pathways
CASTOR1;;mTOR regulators;mTOR and upstream pathways
CASTOR2;;mTOR regulators;mTOR and upstream pathways
LGALS8;GAL8;mTOR regulators;mTOR and upstream pathways
ATP6V0E1;"M9.2; ATP6H; Vma21; Vma21p; ATP6V0E";mTOR regulators;mTOR and upstream pathways
ATP6V1D;"VATD; VMA8; ATP6M";mTOR regulators;mTOR and upstream pathways
ATP6V1G3;"Vma10; ATP6G3";mTOR regulators;mTOR and upstream pathways
ATP6V1C2;"VMA5; ATP6C2";mTOR regulators;mTOR and upstream pathways
ATP6V1B2;"DOOD; HO57; VATB; VPP3; Vma2; ZLS2; ATP6B2; ATP6B1B2";mTOR regulators;mTOR and upstream pathways
ATP6V0A1;ATP6N1, ATP6N1A, Stv1, VPP1, Vph1, a1;mTOR regulators;mTOR and upstream pathways
ATP6V1B1;ATP6B1, RTA1B, VATB, VMA2, VPP3;mTOR regulators;mTOR and upstream pathways
ATP6V1G2;ATP6G, ATP6G2, NG38, VMA10;mTOR regulators;mTOR and upstream pathways
ATP6V1E2;"VMA4; ATP6E1; ATP6EL2; ATP6V1EL2";mTOR regulators;mTOR and upstream pathways
ATP6V0A4;"A4; STV1; VPH1; VPP2; RTA1C; RTADR; ATP6N2; RDRTA2; ATP6N1B";mTOR regulators;mTOR and upstream pathways
ATP6V1E1;ATP6E, ATP6E2, ATP6V1E, P31, Vma4;mTOR regulators;mTOR and upstream pathways
ATP6V0B;ATP6F, HATPL, VMA16;mTOR regulators;mTOR and upstream pathways
TCIRG1;ATP6N1C, ATP6V0A3, Atp6i, OC-116kDa, OC116, OPTB1, Stv1, TIRC7, Vph1, a3;mTOR regulators;mTOR and upstream pathways
ATP6AP2;"PRR; M8-9; MRXE; RENR; XMRE; XPDS; HT028; MRXSH; ELDF10; ATP6IP2; MSTP009; APT6M8-9; ATP6M8-9";mTOR regulators;mTOR and upstream pathways
ATP6V1A;ATP6A11, HO68, VA68, VPP2, Vma1, ATP6V1A;mTOR regulators;mTOR and upstream pathways
ATP6AP1;16A, ATP6IP1, ATP6S1, Ac45, CF2, VATPS1, XAP-3, XAP3;mTOR regulators;mTOR and upstream pathways
ATP6V1G1;ATP6G, ATP6G1, ATP6GL, ATP6J, Vma10;mTOR regulators;mTOR and upstream pathways
ATP6V0E2;ATP6V0E2L, C7orf32;mTOR regulators;mTOR and upstream pathways
ATP6V0C;ATP6C, ATP6L, ATPL, VATL, VPPC, Vma3;mTOR regulators;mTOR and upstream pathways
ATP6AP1L;;mTOR regulators;mTOR and upstream pathways
ATP6V1H;CGI-11, MSTP042, NBP1, SFD, SFDalpha, SFDbeta, VMA13;mTOR regulators;mTOR and upstream pathways
ATP6V0A2;A2, ARCL, ARCL2A, ATP6A2, ATP6N1D, J6B7, RTF, STV1, TJ6, TJ6M, TJ6S, VPH1, WSS;mTOR regulators;mTOR and upstream pathways
ATP6V1C1;ATP6C, ATP6D, VATC, Vma5;mTOR regulators;mTOR and upstream pathways
ATP6V1F;ATP6S14, VATF, Vma7;mTOR regulators;mTOR and upstream pathways
ATP6V0D1;ATP6D, ATP6DV, P39, VATX, VMA6, VPATPD;mTOR regulators;mTOR and upstream pathways
MTOR;;mTOR complexes 1 and 2;mTOR and upstream pathways
DEPTOR;;mTOR complexes 1 and 2;mTOR and upstream pathways
RPTOR;RAPTOR;mTOR complexes 1 and 2;mTOR and upstream pathways
AKT1S1;PRAS40;mTOR complexes 1 and 2;mTOR and upstream pathways
MLST8;;mTOR complexes 1 and 2;mTOR and upstream pathways
RICTOR;RICTOR;mTOR complexes 1 and 2;mTOR and upstream pathways
PRR5;PROTOR1;mTOR complexes 1 and 2;mTOR and upstream pathways
MAPKAP1;MSIN1;mTOR complexes 1 and 2;mTOR and upstream pathways
TELO2;;mTOR complexes 1 and 2;mTOR and upstream pathways
TTI1;;mTOR complexes 1 and 2;mTOR and upstream pathways
TTI2;;mTOR complexes 1 and 2;mTOR and upstream pathways
PRR5L;PROTOR2;mTOR complexes 1 and 2;mTOR and upstream pathways
PRKAA1;;AMPK complex;mTOR and upstream pathways
PRKAA2;;AMPK complex;mTOR and upstream pathways
PRKAG1;;AMPK complex;mTOR and upstream pathways
PRKAG2;;AMPK complex;mTOR and upstream pathways
PRKAG3;;AMPK complex;mTOR and upstream pathways
PRKAB1;;AMPK complex;mTOR and upstream pathways
PRKAB2;;AMPK complex;mTOR and upstream pathways
STK11;LKB1;AMPK activator;mTOR and upstream pathways
STRADA;;AMPK activator;mTOR and upstream pathways
STRADB;;AMPK activator;mTOR and upstream pathways
CAB39;;AMPK activator;mTOR and upstream pathways
CAB39L;;AMPK activator;mTOR and upstream pathways
CAMKK2;CAMKKBeta;AMPK activator;mTOR and upstream pathways
PIK3CA;;PI3K complex-class 1;mTOR and upstream pathways
PIK3CB;;PI3K complex-class 1;mTOR and upstream pathways
PIK3CD;;PI3K complex-class 1;mTOR and upstream pathways
PIK3CG;;PI3K complex-class 1;mTOR and upstream pathways
PIK3R1;;PI3K complex-class 1;mTOR and upstream pathways
PIK3R2;;PI3K complex-class 1;mTOR and upstream pathways
PIK3R3;;PI3K complex-class 1;mTOR and upstream pathways
PIK3R4;;PI3K complex-class 1;mTOR and upstream pathways
PIK3R5;;PI3K complex-class 1;mTOR and upstream pathways
PIK3R6;;PI3K complex-class 1;mTOR and upstream pathways
PIK3C2A;;PI3K complex-class 2;mTOR and upstream pathways
PIK3C2B;;PI3K complex-class 2;mTOR and upstream pathways
PIK3C2G;;PI3K complex-class 2;mTOR and upstream pathways
RPS6KB1;S6K1;mTORC1 substrates ;mTOR and upstream pathways
RPS6KA1;RSK1;mTORC1 substrates ;mTOR and upstream pathways
DAP;DAP1;mTORC1 substrates ;mTOR and upstream pathways
EEF2K;;mTORC1 substrates ;mTOR and upstream pathways
EIF4EBP1;4EBP1;mTORC1 substrates ;mTOR and upstream pathways
LARP1;;mTORC1 substrates ;mTOR and upstream pathways
ESR1;estrogen receptor 1;mTORC1 substrates ;mTOR and upstream pathways
MAF1;;mTORC1 substrates ;mTOR and upstream pathways
ULK1;ULK1;mTORC1 substrates ;mTOR and upstream pathways
ATG13;ATG13;mTORC1 substrates ;mTOR and upstream pathways
LPIN1;;mTORC1 substrates ;mTOR and upstream pathways
AMBRA1;AMBRA1;mTORC1 substrates ;mTOR and upstream pathways
GRB10;;mTORC1 substrates ;mTOR and upstream pathways
RPS6KB2;S6K2;mTORC1 substrates ;mTOR and upstream pathways
HIF1A;HIF1A;mTORC1 substrates ;mTOR and upstream pathways
TFEB;TFEB;mTORC1 substrates ;mTOR and upstream pathways
YY1;YY1;mTORC1 substrates ;mTOR and upstream pathways
TFE3;TFE3;mTORC1 substrates ;mTOR and upstream pathways
STAT3;STAT3;mTORC1 substrates ;mTOR and upstream pathways
MITF;MITF;mTORC1 substrates ;mTOR and upstream pathways
AKT1S1;PRAS40;mTORC1 substrates ;mTOR and upstream pathways
HDAC5;HDAC5;mTORC2 substrates ;mTOR and upstream pathways
HDAC4;HDAC4;mTORC2 substrates ;mTOR and upstream pathways
SGK1;SGK1;mTORC2 substrates ;mTOR and upstream pathways
PRKCA;PRKCA;mTORC2 substrates ;mTOR and upstream pathways
AKT1;AKT1;mTORC2 substrates ;mTOR and upstream pathways
IGF2BP1;;mTORC2 substrates ;mTOR and upstream pathways
MRAS;;RAS family;mTOR and upstream pathways
KRAS;;RAS family;mTOR and upstream pathways
RRAS;;RAS family;mTOR and upstream pathways
HRAS;;RAS family;mTOR and upstream pathways
NRAS;;RAS family;mTOR and upstream pathways
ULK3;ULK3;ULK1 complex;Autophagy core
C12orf44;ATG101;ULK1 complex;Autophagy core
AMBRA1;AMBRA1;ULK1 complex;Autophagy core
ULK1;ULK1;ULK1 complex;Autophagy core
TRAF6;TRAF6;ULK1 complex;Autophagy core
RB1CC1;FIP200;ULK1 complex;Autophagy core
ULK2;ULK2;ULK1 complex;Autophagy core
ATG13;ATG13;ULK1 complex;Autophagy core
BECN2;BECLIN2;PI3K complexes;Autophagy core
BECN1;BECLIN1;PI3K complexes;Autophagy core
PIK3C3;VP34;PI3K complexes;Autophagy core
PIK3R4;VPS15;PI3K complexes;Autophagy core
ATG14;ATG14;Beclin1/PI3K complex interacting proteins;Autophagy core
UVRAG;UVRAG;Beclin1/PI3K complex interacting proteins;Autophagy core
KIAA0226;RUBICON;Beclin1/PI3K complex interacting proteins;Autophagy core
RNF2;RNF2;Beclin1/PI3K complex interacting proteins;Autophagy core
TLR4;TLR4;Beclin1/PI3K complex interacting proteins;Autophagy core
SH3GLB1;Bif-1;Beclin1/PI3K complex interacting proteins;Autophagy core
VMP1;VAMP1;Beclin1/PI3K complex interacting proteins;Autophagy core
BCL2L1;BCL2L1;Beclin1/PI3K complex interacting proteins;Autophagy core
BCL2;BCL2;Beclin1/PI3K complex interacting proteins;Autophagy core
BIRC5;Survivin;Beclin1/PI3K complex interacting proteins;Autophagy core
HMGB1;HMGB1;Beclin1/PI3K complex interacting proteins;Autophagy core
RHOQ;TC10;Beclin1/PI3K complex interacting proteins;Autophagy core
WAS;WASH;Beclin1/PI3K complex interacting proteins;Autophagy core
PAQR3;PAQR3;Beclin1/PI3K complex interacting proteins;Autophagy core
AMBRA1;AMBRA1;Beclin1/PI3K complex interacting proteins;Autophagy core
SLAMF1;SLAM;Beclin1/PI3K complex interacting proteins;Autophagy core
ITPR3;IP3R;Beclin1/PI3K complex interacting proteins;Autophagy core
PINK1;PINK1;Beclin1/PI3K complex interacting proteins;Autophagy core
STK38;STK38;Beclin1/PI3K complex interacting proteins;Autophagy core
NEDD4;NEDD4;Beclin1/PI3K complex interacting proteins;Autophagy core
GABARAPL1;GABARAPL1;ATG8 Ubiquitin-like conjugation systems;Autophagy core
ATG4A;ATG4A;ATG8 Ubiquitin-like conjugation systems;Autophagy core
ATG3;ATG3;ATG8 Ubiquitin-like conjugation systems;Autophagy core
ATG7;ATG7;ATG8 Ubiquitin-like conjugation systems;Autophagy core
MAP1LC3C;LC3C;ATG8 Ubiquitin-like conjugation systems;Autophagy core
MAP1LC3B;LC3B;ATG8 Ubiquitin-like conjugation systems;Autophagy core
GABARAPL2;GABARAPL2;ATG8 Ubiquitin-like conjugation systems;Autophagy core
ATG4B;ATG4B;ATG8 Ubiquitin-like conjugation systems;Autophagy core
MAP1LC3A;LC3A;ATG8 Ubiquitin-like conjugation systems;Autophagy core
ATG4C;ATG4C;ATG8 Ubiquitin-like conjugation systems;Autophagy core
ATG4D;ATG4D;ATG8 Ubiquitin-like conjugation systems;Autophagy core
GABARAP;GABARAP;ATG8 Ubiquitin-like conjugation systems;Autophagy core
MAP1LC3B2;MAP1LC3B2;ATG8 Ubiquitin-like conjugation systems;Autophagy core
GABARAPL3;GABARAPL3;ATG8 Ubiquitin-like conjugation systems;Autophagy core
ATG2B;ATG2B;ATG9 and its cycling system;Autophagy core
ATG2A;ATG2A;ATG9 and its cycling system;Autophagy core
WIPI2;WIPI2;ATG9 and its cycling system;Autophagy core
WIPI1;WIPI1;ATG9 and its cycling system;Autophagy core
ATG9A;ATG9A;ATG9 and its cycling system;Autophagy core
ATG9B;ATG9B;ATG9 and its cycling system;Autophagy core
WDR45B;WIPI3;ATG9 and its cycling system;Autophagy core
WDR45;WIPI4;ATG9 and its cycling system;Autophagy core
ATG12;ATG12;ATG12 Ubiquitin-like conjugation systems;Autophagy core
ATG7;ATG7;ATG12 Ubiquitin-like conjugation systems;Autophagy core
ATG16L1;ATG16L1;ATG12 Ubiquitin-like conjugation systems;Autophagy core
ATG5;ATG5;ATG12 Ubiquitin-like conjugation systems;Autophagy core
ATG10;ATG10;ATG12 Ubiquitin-like conjugation systems;Autophagy core
ATG16L2;ATG16L2;ATG12 Ubiquitin-like conjugation systems;Autophagy core
SQSTM1;P62;Cargo receptors for Selective Autophagy ;Autophagy core
OPTN;OPTINUERIN;Cargo receptors for Selective Autophagy ;Autophagy core
NBR1;NBR1;Cargo receptors for Selective Autophagy ;Autophagy core
TAX1BP1;TAX1BP;Cargo receptors for Selective Autophagy ;Autophagy core
CBL;c-CBL;Cargo receptors for Selective Autophagy ;Autophagy core
CALCOCO2;NDP52;Cargo receptors for Selective Autophagy ;Autophagy core
BNIP3L;NIX;Cargo receptors for Selective Autophagy ;Autophagy core
WDFY3;ALFY;Cargo indirectly associated with ubiquitinated proteins or with LC3;Autophagy core
BAG3;BAG3;Cargo indirectly associated with ubiquitinated proteins or with LC3;Autophagy core
TECPR1;TECPR1;Cargo indirectly associated with ubiquitinated proteins or with LC3;Autophagy core
HDAC6;HDAC6;Cargo indirectly associated with ubiquitinated proteins or with LC3;Autophagy core
NEDD4L;NED4L;Negative Regulator of Autophagy;Autophagy core
CUL4A;CULLIN-4;Negative Regulator of Autophagy;Autophagy core
CAPN2;;Negative Regulator of Autophagy;Autophagy core
CAPNS1;CALPAIN 1;Negative Regulator of Autophagy;Autophagy core
FEZ1;;Negative Regulator of Autophagy;Autophagy core
STK39;SPAK;Negative Regulator of Autophagy;Autophagy core
WNK1;WINK1;Negative Regulator of Autophagy;Autophagy core
CUL4B;CULLIN-4;Negative Regulator of Autophagy;Autophagy core
CUL3;CULLIN-3;Negative Regulator of Autophagy;Autophagy core
CUL5;CULLIN-5;Negative Regulator of Autophagy;Autophagy core
CAPN1;;Negative Regulator of Autophagy;Autophagy core
MAPK14;;Negative Regulator of Autophagy;Autophagy core
PPP2R2A;;Negative Regulator of Autophagy;Autophagy core
CISD2;NAF-1;Negative Regulator of Autophagy;Autophagy core
GOLGA2;GM130;Negative Regulator of Autophagy;Autophagy core
CYBB;NOX2;Negative Regulator of Autophagy;Autophagy core
HSPA1A;HSP70;Negative Regulator of Autophagy;Autophagy core
UCP2;UCP2;Negative Regulator of Autophagy;Autophagy core
C9orf72;;Negative Regulator of Autophagy;Autophagy core
HERC1;;Negative Regulator of Autophagy;Autophagy core
TMEM173;MITA;Negative Regulator of Autophagy;Autophagy core
MST1;;Negative Regulator of Autophagy;Autophagy core
KIAA0226;RUBICON;Negative Regulator of Autophagy;Autophagy core
MAPK8;JNK1;Positive regulator of Autophagy;Autophagy core
MCOLN3;;Positive regulator of Autophagy;Autophagy core
DRAM1;DRAM1;Positive regulator of Autophagy;Autophagy core
HDAC1;HDAC1;Positive regulator of Autophagy;Autophagy core
HDAC2;HDAC2;Positive regulator of Autophagy;Autophagy core
TBK1;TBK1;Positive regulator of Autophagy;Autophagy core
NOX4;NOX4;Positive regulator of Autophagy;Autophagy core
DAPK1;DAPK1;Positive regulator of Autophagy;Autophagy core
DAPK2;DAPK2;Positive regulator of Autophagy;Autophagy core
CAST;CALPASTATIN;Positive regulator of Autophagy;Autophagy core
PDCD6IP;;Positive regulator of Autophagy;Autophagy core
PICALM;PICALM;Positive regulator of Autophagy;Autophagy core
SMURF1;SMURF1;Positive regulator of Autophagy;Autophagy core
SCOC;SCOC;Positive regulator of Autophagy;Autophagy core
WAC;WAC;Positive regulator of Autophagy;Autophagy core
MYO6;MYOSIN VI;Positive regulator of Autophagy;Autophagy core
PIM2;PIM2;Positive regulator of Autophagy;Autophagy core
DYNLL1;;Positive regulator of Autophagy;Autophagy core
IRGM;;Positive regulator of Autophagy;Autophagy core
ABL2;;Positive regulator of Autophagy;Autophagy core
ABL1;;Positive regulator of Autophagy;Autophagy core
TMEM59;;Positive regulator of Autophagy;Autophagy core
EI24;;Positive regulator of Autophagy;Autophagy core
MTDH;;Positive regulator of Autophagy;Autophagy core
EVA1A;;Positive regulator of Autophagy;Autophagy core
SUPT20H;;Positive regulator of Autophagy;Autophagy core
DAPK3;;Positive regulator of Autophagy;Autophagy core
BAG3;;Positive regulator of Autophagy;Autophagy core
TMEM74;;Positive regulator of Autophagy;Autophagy core
TM9SF1;;Positive regulator of Autophagy;Autophagy core
ZFYVE1;DFCP1;Positive regulator of Autophagy;Autophagy core
KIAA1324;EIG121;Positive regulator of Autophagy;Autophagy core
HDAC10;HDAC10;Positive regulator of Autophagy;Autophagy core
SNAP29;;Positive regulator of Autophagy;Autophagy core
PXN;;Positive regulator of Autophagy;Autophagy core
TGM2;;Positive regulator of Autophagy;Autophagy core
STUB1;;Positive regulator of Autophagy;Autophagy core
PMAIP1;NOXA;Positive regulator of Autophagy;Autophagy core
PCM1;;Positive regulator of Autophagy;Autophagy core
RAB3GAP1;RBG1;Positive regulator of Autophagy;Autophagy core
RAB18;;Positive regulator of Autophagy;Autophagy core
CLN3;;Its mutation leads to Autophagy defects;Autophagy core
CFTR;;Its mutation leads to Autophagy defects;Autophagy core
TP53INP1;;Autophagy-dependent cell death;Autophagy core
TRIM13;;Autophagy-dependent cell death;Autophagy core
RAB11A;RAB11A;Rab proteins involved in autophagosome formation;Autophagy core
RAB23;RAB23;Rab proteins involved in autophagosome formation;Autophagy core
RAB1A;RAB1A;Rab proteins involved in autophagosome formation;Autophagy core
RAB5A;RAB5A;Rab proteins involved in autophagosome formation;Autophagy core
RAB8B;RAB8B;Rab proteins involved in autophagosome formation;Autophagy core
RAB1B;RAB1B;Rab proteins involved in autophagosome formation;Autophagy core
RAB7A;RAB7A;Rab proteins involved in autophagosome formation;Autophagy core
RAB5B;RAB5B;Rab proteins involved in autophagosome formation;Autophagy core
RAB5C;RAB5C;Rab proteins involved in autophagosome formation;Autophagy core
RAB32;RAB32;Rab proteins involved in autophagosome formation;Autophagy core
RAB24;RAB24;Rab proteins involved in autophagosome formation;Autophagy core
RAB8A;RAB8A;Rab proteins involved in autophagosome formation;Autophagy core
RAB11B;RAB11B;Rab proteins involved in autophagosome formation;Autophagy core
RAB33B;RAB33B;Rab proteins involved in autophagosome formation;Autophagy core
RAB1C;RAB1C;Rab proteins involved in autophagosome formation;Autophagy core
RAB9A;RAB9A;Rab proteins involved in autophagosome formation;Autophagy core
RAB25;RAB25;Rab proteins involved in autophagosome formation;Autophagy core
RAB4A;RAB4A;Rab proteins involved in autophagosome formation;Autophagy core
RAB4B;RAB4B;Rab proteins involved in autophagosome formation;Autophagy core
USP25;;Ubiquitin and Autophagy;Autophagy core
USP16;;Ubiquitin and Autophagy;Autophagy core
U2AF1;;Ubiquitin and Autophagy;Autophagy core
USP8;;Ubiquitin and Autophagy;Autophagy core
USP7;;Ubiquitin and Autophagy;Autophagy core
USP11;;Ubiquitin and Autophagy;Autophagy core
USP10;;Ubiquitin and Autophagy;Autophagy core
PIK3AP1;;Candidate kinases required for basal Autophagy ;Autophagy core
TSKS;;Candidate kinases required for basal Autophagy ;Autophagy core
NRBP2;;Candidate kinases required for basal Autophagy ;Autophagy core
NEK9;;Candidate kinases required for basal Autophagy ;Autophagy core
PGK2;;Candidate kinases required for basal Autophagy ;Autophagy core
NME4;;Candidate kinases required for basal Autophagy ;Autophagy core
PIK3R4;;Candidate kinases required for basal Autophagy ;Autophagy core
MOS;;Candidate kinases required for basal Autophagy ;Autophagy core
IKBKB;;Candidate kinases required for basal Autophagy ;Autophagy core
TPD52L3;;Candidate kinases required for basal Autophagy ;Autophagy core
LIMK1;;Candidate kinases required for basal Autophagy ;Autophagy core
GLYCTK;;Candidate kinases required for basal Autophagy ;Autophagy core
PRKACA;;Candidate kinases required for basal Autophagy ;Autophagy core
ALPK2;;Candidate kinases required for basal Autophagy ;Autophagy core
ACVR2B;;Candidate kinases required for basal Autophagy ;Autophagy core
MARK4;;Candidate kinases required for basal Autophagy ;Autophagy core
MAP3K1;;Candidate kinases required for basal Autophagy ;Autophagy core
NUAK1;;Candidate kinases required for basal Autophagy ;Autophagy core
LY6G5B;;Candidate kinases required for basal Autophagy ;Autophagy core
PRDX5;;Candidate kinases required for basal Autophagy ;Autophagy core
PRKDC;;Candidate kinases required for basal Autophagy ;Autophagy core
AK7;;Candidate kinases required for basal Autophagy ;Autophagy core
PRKCE;;Candidate kinases required for basal Autophagy ;Autophagy core
CDC42SE2;;Candidate kinases required for basal Autophagy ;Autophagy core
MAPK4;;Candidate kinases required for basal Autophagy ;Autophagy core
TIE1;;Candidate kinases required for basal Autophagy ;Autophagy core
SKAP1;;Candidate kinases required for basal Autophagy ;Autophagy core
CLK3;;Candidate kinases required for basal Autophagy ;Autophagy core
DGKB;;Candidate kinases required for basal Autophagy ;Autophagy core
CHKA;;Candidate kinases required for basal Autophagy ;Autophagy core
CLK2;;Candidate kinases required for basal Autophagy ;Autophagy core
BMX;;Candidate kinases required for basal Autophagy ;Autophagy core
ATF2;CRE-BP1, CREB-2, CREB2, HB16, TREB7;Positive regulator of Autophagy genes;Autophagy regulators
ATF3; ;Positive regulator of Autophagy genes;Autophagy regulators
ATF4;CREB-2, CREB2, TAXREB67, TXREB;Positive regulator of Autophagy genes;Autophagy regulators
ATF6;ACHM7A, ATF6;Positive regulator of Autophagy genes;Autophagy regulators
CEBPB;C/EBP-beta, IL6DBP, NF-IL6, TCF5;Positive regulator of Autophagy genes;Autophagy regulators
CREB1;CREB, CREB-1;Positive regulator of Autophagy genes;Autophagy regulators
CRTC2;TORC-2, TORC2;Positive regulator of Autophagy genes;Autophagy regulators
DDIT3;CEBPZ, CHOP, CHOP-10, CHOP10, GADD153;Positive regulator of Autophagy genes;Autophagy regulators
E2F1;E2F-1, RBAP1, RBBP3, RBP3;Positive regulator of Autophagy genes;Autophagy regulators
EGR1;AT225, G0S30, KROX-24, NGFI-A, TIS8, ZIF-268, ZNF225;Positive regulator of Autophagy genes;Autophagy regulators
EIF2A;CDA02, EIF-2A, MST089, MSTP004, MSTP089;Positive regulator of Autophagy genes;Autophagy regulators
EPAS1;ECYT4, HIF2A, HLF, MOP2, PASD2, bHLHe73;Positive regulator of Autophagy genes;Autophagy regulators
ESR2;ER-BETA, ESR-BETA, ESRB, ESTRB, Erb, NR3A2;Positive regulator of Autophagy genes;Autophagy regulators
FOS;AP-1, C-FOS, p55;Positive regulator of Autophagy genes;Autophagy regulators
FOXO1;FKH1, FKHRA, FOXO1;Positive regulator of Autophagy genes;Autophagy regulators
FOXO3;AF6q21, FKHRL1, FKHRL1P2, FOXO2A, FOXO3;Positive regulator of Autophagy genes;Autophagy regulators
FOXO4;AFX, AFX1, MLLT7;Positive regulator of Autophagy genes;Autophagy regulators
FOXO6; ;Positive regulator of Autophagy genes;Autophagy regulators
HEY2;CHF1, GRIDLOCK, GRL, HERP1, HESR2, HRT2, bHLHb32;Positive regulator of Autophagy genes;Autophagy regulators
HIF1A;HIF-1-alpha, HIF-1A, HIF-1alpha, HIF1, HIF1-ALPHA, MOP1, PASD8, bHLHe78;Positive regulator of Autophagy genes;Autophagy regulators
HSF1;HSTF1;Positive regulator of Autophagy genes;Autophagy regulators
IRF1;IRF-1, MAR;Positive regulator of Autophagy genes;Autophagy regulators
LMX1A;LMX1, LMX1.1;Positive regulator of Autophagy genes;Autophagy regulators
LMX1B;LMX1.2, NPS1;Positive regulator of Autophagy genes;Autophagy regulators
MAPK1;ERK, ERK-2, ERK2, ERT1, MAPK2, P42MAPK, PRKM1, PRKM2, p38, p40, p41, p41mapk, p42-MAPK;Positive regulator of Autophagy genes;Autophagy regulators
MAPK3;ERK-1, ERK1, ERT2, HS44KDAP, HUMKER1A, P44ERK1, P44MAPK, PRKM3, p44-ERK1, p44-MAPK;Positive regulator of Autophagy genes;Autophagy regulators
MEF2A;ADCAD1, RSRFC4, RSRFC9, mef2;Positive regulator of Autophagy genes;Autophagy regulators
MITF;CMM8, COMMAD, MI, WS2, WS2A, bHLHe32;Positive regulator of Autophagy genes;Autophagy regulators
MYC;MRTLC, bHLHe39, c-Myc, MYC;Positive regulator of Autophagy genes;Autophagy regulators
NACC1;BEND8, BTBD14B, BTBD30, NAC-1, NAC1, NECFM;Positive regulator of Autophagy genes;Autophagy regulators
NFE2L1;LCR-F1, NRF1, TCF11;Positive regulator of Autophagy genes;Autophagy regulators
NFE2L2;HEBP1, NRF2;Positive regulator of Autophagy genes;Autophagy regulators
NFKB1;CVID12, EBP-1, KBF1, NF-kB1, NF-kappa-B, NF-kappaB, NFKB-p105, NFKB-p50, NFkappaB, p105, p50;Positive regulator of Autophagy genes;Autophagy regulators
NRF1;ALPHA-PAL;Positive regulator of Autophagy genes;Autophagy regulators
PPARA;NR1C1, PPAR, PPARalpha, hPPAR;Positive regulator of Autophagy genes;Autophagy regulators
PPARG;CIMT1, GLM1, NR1C31, PPARG2, PPARgamma, PPARG;Positive regulator of Autophagy genes;Autophagy regulators
PPARGC1A;LEM6, PGC-1(alpha), PGC-1alpha, PGC-1v, PGC1, PGC1A, PPARGC1;Positive regulator of Autophagy genes;Autophagy regulators
PPARGC1B;ERRL1, PERC, PGC-1(beta), PGC1B;Positive regulator of Autophagy genes;Autophagy regulators
RARA;NR1B1, RAR;Positive regulator of Autophagy genes;Autophagy regulators
RELA;"p65; NFKB3";Positive regulator of Autophagy genes;Autophagy regulators
RELB;I-REL, IREL, REL-B;Positive regulator of Autophagy genes;Autophagy regulators
RFX1;EFC, RFX;Positive regulator of Autophagy genes;Autophagy regulators
SIRT1;SIRT1;Positive regulator of Autophagy genes;Autophagy regulators
SIRT2;SIRT2;Positive regulator of Autophagy genes;Autophagy regulators
SIRT3;SIRT3;Positive regulator of Autophagy genes;Autophagy regulators
SIRT4;SIRT4;Positive regulator of Autophagy genes;Autophagy regulators
SIRT5;SIRT5;Positive regulator of Autophagy genes;Autophagy regulators
SIRT6;SIRT6;Positive regulator of Autophagy genes;Autophagy regulators
SIRT7;SIRT7;Positive regulator of Autophagy genes;Autophagy regulators
SOX2;ANOP3, MCOPS3;Positive regulator of Autophagy genes;Autophagy regulators
SP1; ;Positive regulator of Autophagy genes;Autophagy regulators
STAT3;ADMIO, ADMIO1, APRF, HIES;Positive regulator of Autophagy genes;Autophagy regulators
TFE3;TFE3;Positive regulator of Autophagy genes;Autophagy regulators
TFEB;TFEB;Positive regulator of Autophagy genes;Autophagy regulators
TFEC;TCFEC, TFE-C-L, TFECL, bHLHe34, hTFEC-L, TFEC;Positive regulator of Autophagy genes;Autophagy regulators
TNFAIP3;A20, AISBL, OTUD7C, TNFA1P2;Positive regulator of Autophagy genes;Autophagy regulators
TP53;P53;Positive regulator of Autophagy genes;Autophagy regulators
XBP1;XBP1;Positive regulator of Autophagy genes;Autophagy regulators
YY1;YY1;Positive regulator of Autophagy genes;Autophagy regulators
ZEB1;ZEB1;Positive regulator of Autophagy genes;Autophagy regulators
ATF5;ATFX, HMFN0395;Negative regulator of Autophagy genes;Autophagy regulators
BDNF;ANON2, BULN2;Negative regulator of Autophagy genes;Autophagy regulators
JUN;AP-1, AP1, c-Jun;Negative regulator of Autophagy genes;Autophagy regulators
JUNB;AP-1;Negative regulator of Autophagy genes;Autophagy regulators
KEAP1;INrf2, KLHL19;Negative regulator of Autophagy genes;Autophagy regulators
NR1H4;BAR, FXR, HRR-1, HRR1, PFIC5, RIP14;Negative regulator of Autophagy genes;Autophagy regulators
STAT1;CANDF7, IMD31A, IMD31B, IMD31C, ISGF-3, STAT91;Negative regulator of Autophagy genes;Autophagy regulators
ZKSCAN3;ZKSCAN3;Negative regulator of Autophagy genes;Autophagy regulators
BNIP3;BNIP3;Mitophagy core;Mitophagy
MAPK1;ERK2;Mitophagy core;Mitophagy
MAPK14;;Mitophagy core;Mitophagy
SMURF1;SMURF1;Mitophagy core;Mitophagy
ATP13A2;;Mitophagy core;Mitophagy
SPATA18;;Mitophagy core;Mitophagy
TBK1;TBK1;Mitophagy core;Mitophagy
CERS1;;Mitophagy core;Mitophagy
VCP;p97;Mitophagy core;Mitophagy
HDAC6;;Mitophagy core;Mitophagy
USP8;;Mitophagy core;Mitophagy
PINK1;PINK1;Mitophagy core;Mitophagy
MUL1;;Mitophagy core;Mitophagy
FBXO7;;Mitophagy core;Mitophagy
TBC1D17;;Mitophagy core;Mitophagy
TBC1D15;;Mitophagy core;Mitophagy
RHEB;RHEB;Mitophagy core;Mitophagy
RNF185;;Mitophagy core;Mitophagy
PARK7;DJ1;Mitophagy core;Mitophagy
PARK2;PARKIN;Mitophagy core;Mitophagy
TGM2;TG2;Mitophagy core;Mitophagy
BCL2L13;;Mitophagy core;Mitophagy
HSPA1L;;Mitophagy core;Mitophagy
BAG4;;Mitophagy core;Mitophagy
TOMM7;;Mitophagy core;Mitophagy
AMBRA1;AMBRA1;Mitophagy core;Mitophagy
BECN1;BECLIN1;Mitophagy core;Mitophagy
UBE2D2;;Mitophagy core;Mitophagy
UBE2L3;;Mitophagy core;Mitophagy
UBE2D3;;Mitophagy core;Mitophagy
UBE2N;;Mitophagy core;Mitophagy
RAB5A;RAB5A;Mitophagy core;Mitophagy
RAB5B;RAB5B;Mitophagy core;Mitophagy
RAB5C;RAB5C;Mitophagy core;Mitophagy
RAB7A;PRO2706;Mitophagy core;Mitophagy
FLCN;;Mitophagy core;Mitophagy
FNIP1;;Mitophagy core;Mitophagy
NIPSNAP1;;Mitophagy core;Mitophagy
NIPSNAP2;;Mitophagy core;Mitophagy
SESN2;SESTRIN2;Mitophagy core;Mitophagy
RB1CC1;FIP200;Mitophagy core;Mitophagy
ULK1;ULK1;Mitophagy core;Mitophagy
SQSTM1;P62;Mitophagy-specific cargo receptors;Mitophagy
BNIP3L;NIX;Mitophagy-specific cargo receptors;Mitophagy
FUNDC1;FUNDC1;Mitophagy-specific cargo receptors;Mitophagy
OPTN;OPTINEURIN;Mitophagy-specific cargo receptors;Mitophagy
CALCOCO2;NDP52;Mitophagy-specific cargo receptors;Mitophagy
PHB;prohibitin;Mitophagy-specific cargo receptors;Mitophagy
PHB2;prohibitin 2;Mitophagy-specific cargo receptors;Mitophagy
TAX1BP1;TAX1BP;Mitophagy-specific cargo receptors;Mitophagy
LRPPRC;;Negative regulator of Mitophagy;Mitophagy
USP30;;Negative regulator of Mitophagy;Mitophagy
USP35;;Negative regulator of Mitophagy;Mitophagy
USP15;;Negative regulator of Mitophagy;Mitophagy
TMEM173;;Negative regulator of Mitophagy;Mitophagy
SIAH3;;Negative regulator of Mitophagy;Mitophagy
BCL2L1;BCL-XL;Negative regulator of Mitophagy;Mitophagy
MCL1;MCL1;Negative regulator of Mitophagy;Mitophagy
LKKR2;;Negative regulator of Mitophagy;Mitophagy
ZNF746;PARIS;Negative regulator of PGC1alpha;Mitophagy
MFN1;MFN1;Fusion;Mitophagy
MFN2;MFN2;Fusion;Mitophagy
OPA1;OPA1;Fusion;Mitophagy
ROCK1;;Fission;Mitophagy
MIEF1;MiD51;Fission;Mitophagy
MIEF2;MiD49;Fission;Mitophagy
DNM1L;DRP1;Fission;Mitophagy
FIS1;FIS1;Fission;Mitophagy
HTRA2;;Fission;Mitophagy
MFF;MFF;Fission;Mitophagy
SIRT2;SIRT2;Transcription Factors involved in Mitophagy;Mitophagy
SIRT3;SIRT3;Transcription Factors involved in Mitophagy;Mitophagy
SIRT5;SIRT5;Transcription Factors involved in Mitophagy;Mitophagy
SOX2;SOX2;Transcription Factors involved in Mitophagy;Mitophagy
MITF;MITF;Transcription Factors involved in Mitophagy;Mitophagy
TFE3;TFE3;Transcription Factors involved in Mitophagy;Mitophagy
TFEB;TFEB;Transcription Factors involved in Mitophagy;Mitophagy
TFEC;TFEC;Transcription Factors involved in Mitophagy;Mitophagy
SREBF1;SREBF1;Transcription Factors involved in Mitophagy;Mitophagy
SREBF2;SREBF2;Transcription Factors involved in Mitophagy;Mitophagy
VAMP3;CEB/SYB3;SNAREs;Docking and fusion
STX17;STX17;SNAREs;Docking and fusion
YKT6;YKT6;SNAREs;Docking and fusion
VTI1A;VTI1RP2/MMDS3/MVti1;SNAREs;Docking and fusion
VAMP7;TI-VAMP;SNAREs;Docking and fusion
SNAP29;SNAP29;SNAREs;Docking and fusion
VPS33A;HVPS33A;HOPS;Docking and fusion
RAB7A;PRO2706;HOPS;Docking and fusion
VPS41;S53;HOPS;Docking and fusion
VPS11;RING Finger Protein 108;HOPS;Docking and fusion
VPS16;HVPS16;HOPS;Docking and fusion
VPS39;VAM6/TLP/TRAP1-Like Protein;HOPS;Docking and fusion
VPS18;KIAA1475/PEP3;HOPS;Docking and fusion
EPG5;;Tethers, Adaptors;Docking and fusion
ATG14;ATG14;Tethers, Adaptors;Docking and fusion
TECPR1;;Tethers, Adaptors;Docking and fusion
GORASP2;GRASP55;Tethers, Adaptors;Docking and fusion
BIRC6;BRUCE;Tethers, Adaptors;Docking and fusion
RUFY4;;Tethers, Adaptors;Docking and fusion
ARL8B;ARL10C/Gie1;recruitment HOPS on lysosome;Docking and fusion
RAB20;RAB20;Autophagosome-lysosome fusion;Docking and fusion
RAB39A;RAB39;Autophagosome-lysosome fusion;Docking and fusion
CTSB;APPS, CPSB;;Lysosome
CTSK;CTS02, CTSO, CTSO1, CTSO2, PKND, PYCD;;Lysosome
CTSS;none;;Lysosome
PPT1;"PPT; CLN1; INCL";;Lysosome
ASAH1;;;Lysosome
CD1E;;;Lysosome
GALNS;;;Lysosome
GLB1;;;Lysosome
GM2A;;;Lysosome
GNS;;;Lysosome
GUSB;;;Lysosome
HEXA;;;Lysosome
HEXB;;;Lysosome
IDS;;;Lysosome
LGMN;"AEP; LGMN1; PRSC1";;Lysosome
PLBD2;P76;;Lysosome
SGSH;;;Lysosome
SMPD1;;;Lysosome
ABCA2;;;Lysosome
ABCA5;;;Lysosome
ABCB9;;;Lysosome
AP1G1;;;Lysosome
AP3B1;"PE; HPS; HPS2; ADTB3; ADTB3A";;Lysosome
ARL8A;;;Lysosome
ARL8B;;;Lysosome
ATP13A2;;;Lysosome
ATP6V0A2;A2, ARCL, ARCL2A, ATP6A2, ATP6N1D, J6B7, RTF, STV1, TJ6, TJ6M, TJ6S, VPH1, WSS;;Lysosome
ATP6V0A4;"A4; STV1; VPH1; VPP2; RTA1C; RTADR; ATP6N2; RDRTA2; ATP6N1B";;Lysosome
ATP6V0C;ATP6C, ATP6L, ATPL, VATL, VPPC, Vma3;;Lysosome
ATP6V0D1;ATP6D, ATP6DV, P39, VATX, VMA6, VPATPD;;Lysosome
CCZ1;;;Lysosome
CD1B;;;Lysosome
CD68;;;Lysosome
CLCN5;CLC5, CLCK2, ClC-5, DENTS, NPHL1, NPHL2, XLRH, XRN, hCIC-K2;;Lysosome
CLCN6;;;Lysosome
CLCN7;"CLC7; CLC-7; OPTA2; OPTB4; PPP1R63";;Lysosome
CLN5;NCL;;Lysosome
CTNS;;;Lysosome
DAB2;;;Lysosome
DNAJC5;;;Lysosome
DRAM1;;;Lysosome
EGF;;;Lysosome
GAA;LYAG;;Lysosome
GBA;;;Lysosome
GPR137B;;;Lysosome
HGSNAT;;;Lysosome
LAMP2;;;Lysosome
LAMP3;;;Lysosome
LITAF;;;Lysosome
LMBRD1;;;Lysosome
MCOLN1;;;Lysosome
MFSD8;CCMD, CLN7;;Lysosome
MYO7A;"DFNB2; MYU7A; NSRD2; USH1B; DFNA11; MYOVIIA";;Lysosome
NCSTN;ATAG1874;;Lysosome
NPC1;;;Lysosome
PI4K2A;;;Lysosome
PLD1;;;Lysosome
PSEN1;"AD3; FAD; PS1; PS-1; S182";;Lysosome
RAB14;;;Lysosome
RAB5C;;;Lysosome
RILP;;;Lysosome
RNF13;;;Lysosome
SCARB2;;;Lysosome
SIDT2;;;Lysosome
SLC11A2;"DCT1; DMT1; AHMIO1; NRAMP2";;Lysosome
SLC15A3;"OCTP; PHT2; PTR3";;Lysosome
SLC17A5;;;Lysosome
SLC29A3;"ENT3; HJCD; PHID; HCLAP";;Lysosome
SLC36A1;;;Lysosome
SPHK2;;;Lysosome
STARD3;;;Lysosome
STX7;;;Lysosome
TCIRG1;ATP6N1C, ATP6V0A3, Atp6i, OC-116kDa, OC116, OPTB1, Stv1, TIRC7, Vph1, a3;;Lysosome
TECPR1;;;Lysosome
TMEM192;;;Lysosome
TMEM55A;;;Lysosome
TMEM55B;;;Lysosome
TMEM59;;;Lysosome
TMEM74;;;Lysosome
TMEM8A;;;Lysosome
TMEM9;;;Lysosome
TPCN1;TPC1;;Lysosome
TPCN2;"TPC2; SHEP10";;Lysosome
TSPAN1;;;Lysosome
VPS11;;;Lysosome
VPS16;;;Lysosome
VPS18;PEP3;;Lysosome
VPS35;;;Lysosome
VPS39;;;Lysosome
ZNRF2;;;Lysosome
TRIM23;;;Lysosome
ACP2;LAP;;Lysosome
ACP5;;;Lysosome
ADA;;;Lysosome
AGA;;;Lysosome
ARSB;"ASB; G4S; MPS6";;Lysosome
ARSD;;;Lysosome
ARSG;;;Lysosome
BCL10;;;Lysosome
CHID1;;;Lysosome
CHIT1;;;Lysosome
CST3;"ARMD11; HEL-S-2";;Lysosome
CTBS;;;Lysosome
CTSA;GLB2, GSL, NGBE, PPCA, PPGB;;Lysosome
CTSC;"JP; HMS; JPD; PLS; CPPI; DPP1; DPPI; PALS; DPP-I; PDON1";;Lysosome
CTSD;CLN10, CPSD, HEL-S-130P;;Lysosome
CTSF;CATSF, CLN13;;Lysosome
CTSH;"ACC4; ACC5; CPSB; ACC-4; ACC-5";;Lysosome
CTSO;CTSO1;;Lysosome
CTSZ;CTSX;;Lysosome
DNASE2;;;Lysosome
DOC2A;;;Lysosome
DRAM2;;;Lysosome
EPDR1;;;Lysosome
FNBP1;;;Lysosome
FUCA1;;;Lysosome
GALC;;;Lysosome
GGH;;;Lysosome
GLA;;;Lysosome
HCK;;;Lysosome
HPS1;"HPS; BLOC3S1";;Lysosome
HPS4;"LE; BLOC3S2";;Lysosome
HPSE;;;Lysosome
HYAL1;;;Lysosome
HYAL2;;;Lysosome
HYAL3;;;Lysosome
IDUA;"IDA; MPS1";;Lysosome
IFI30;;;Lysosome
ITM2C;;;Lysosome
KCNE1;;;Lysosome
LAMP1;;;Lysosome
LIPA;CESD, LAL;;Lysosome
LRBA;;;Lysosome
LRP2;;;Lysosome
MAN2B1;;;Lysosome
MAN2B2;;;Lysosome
MANBA;;;Lysosome
MARCH8;;;Lysosome
NAGA;;;Lysosome
NAGLU;"NAG; CMT2V; MPS3B; UFHSD; MPS-IIIB";;Lysosome
NEU1;;;Lysosome
NEU4;;;Lysosome
NPC2;;;Lysosome
PCSK9;;;Lysosome
PCYOX1;;;Lysosome
PEBP4;;;Lysosome
PPT2;C6orf8, G14, PPT-2;;Lysosome
PRCP;HUMPCP, PCP;;Lysosome
PRDX6;;;Lysosome
RAB27A;;;Lysosome
RAMP2;;;Lysosome
RAMP3;;;Lysosome
RNASET2;;;Lysosome
SIAE;;;Lysosome
SPACA3;;;Lysosome
SRC;;;Lysosome
STS;;;Lysosome
TPP1;CLN2, GIG1, LPIC, SCAR7, TPP-1;;Lysosome
UNC93B1;;;Lysosome
VMA21;MEAX, XMEA;;Lysosome
WDR48;;;Lysosome
ZNRF1;;;Lysosome
ATP6AP1;16A, ATP6IP1, ATP6S1, Ac45, CF2, VATPS1, XAP-3, XAP3;;Lysosome-related genes
ATP6AP2;"PRR; M8-9; MRXE; RENR; XMRE; XPDS; HT028; MRXSH; ELDF10; ATP6IP2; MSTP009; APT6M8-9; ATP6M8-9";;Lysosome-related genes
ATP6V0A1;ATP6N1, ATP6N1A, Stv1, VPP1, Vph1, a1;;Lysosome-related genes
ATP6V0B;ATP6F, HATPL, VMA16;;Lysosome-related genes
ATP6V0E1;"M9.2; ATP6H; Vma21; Vma21p; ATP6V0E";;Lysosome-related genes
ATP6V0E2;ATP6V0E2L, C7orf32;;Lysosome-related genes
ATP6V1A;ATP6A11, HO68, VA68, VPP2, Vma1, ATP6V1A;;Lysosome-related genes
ATP6V1B1;ATP6B1, RTA1B, VATB, VMA2, VPP3;;Lysosome-related genes
ATP6V1B2;"DOOD; HO57; VATB; VPP3; Vma2; ZLS2; ATP6B2; ATP6B1B2";;Lysosome-related genes
ATP6V1C1;ATP6C, ATP6D, VATC, Vma5;;Lysosome-related genes
ATP6V1C2;"VMA5; ATP6C2";;Lysosome-related genes
ATP6V1D;"VATD; VMA8; ATP6M";;Lysosome-related genes
ATP6V1E1;ATP6E, ATP6E2, ATP6V1E, P31, Vma4;;Lysosome-related genes
ATP6V1E2;"VMA4; ATP6E1; ATP6EL2; ATP6V1EL2";;Lysosome-related genes
ATP6V1F;ATP6S14, VATF, Vma7;;Lysosome-related genes
ATP6V1G1;ATP6G, ATP6G1, ATP6GL, ATP6J, Vma10;;Lysosome-related genes
ATP6V1G2;ATP6G, ATP6G2, NG38, VMA10;;Lysosome-related genes
ATP6V1G3;"Vma10; ATP6G3";;Lysosome-related genes
ATP6V1H;CGI-11, MSTP042, NBP1, SFD, SFDalpha, SFDbeta, VMA13;;Lysosome-related genes
CLCN3;CLC3, ClC-3;;Lysosome-related genes
CLN6;"nclf; CLN4A; HsT18960";;Lysosome-related genes
CPQ;"LDP; PGCP";;Lysosome-related genes
CSTB;"PME; ULD; CST6; EPM1; STFB; CPI-B; EPM1A";;Lysosome-related genes
CTSE;CATE;;Lysosome-related genes
CTSG;CATG, CG;;Lysosome-related genes
CTSL;CATL1, MEP, CTSL;;Lysosome-related genes
Hps5;;;Lysosome-related genes
MT3;;;Lysosome-related genes
PSEN2;AD3L, AD4, CMD1V, PS2, STM2;;Lysosome-related genes
RAB34;;;Lysosome-related genes
RILPL1;;;Lysosome-related genes
SCPEP1;HSCP1, RISC;;Lysosome-related genes
SLC38A9;;;Lysosome-related genes
LAMTOR1;;;Lysosome-related genes
